domain,problem,instance_id,n,budget,algo,seed,final_best,auc_best,early_gain,stagnation_frac,div_mean,div_decay,step_mean,step_decay
cont,sphere,sphere_d5_i000,5,2500,PSO,0,2.403174647775049e-07,0.18213647633273466,0.0,0.0,0.1581261503360931,0.02126834314771426,0.36451006475797737,0.019296974099574798
cont,sphere,sphere_d5_i000,5,2500,PSO,1,0.2896707481196885,0.1730980742108096,0.0,0.0,0.15651299887893433,0.01795306335696985,0.3686357397081941,0.014529031012824996
cont,sphere,sphere_d5_i000,5,2500,PSO,2,0.2896702508743246,0.1783572219866707,0.0,0.0,0.11055136117490265,0.019562121441628888,0.3300579510104199,0.015867318342382714
cont,sphere,sphere_d5_i000,5,2500,DE,0,0.00033448087794770153,0.2139540227862337,0.0,0.0,0.20278494894006546,0.04028439004353465,0.8075532433638138,0.0401644741953468
cont,sphere,sphere_d5_i000,5,2500,DE,1,0.0022105423017755002,0.22762882484275773,0.0,0.0,0.25031991211644633,0.05755263809260797,0.9868658477518176,0.0612734260820094
cont,sphere,sphere_d5_i000,5,2500,DE,2,0.0013813104940861099,0.21383737946878312,0.0,0.0,0.31702812732387897,0.04775993755295865,1.2547179726581683,0.044310418304641434
cont,sphere,sphere_d5_i000,5,2500,ES,0,4.700418769035959,0.0,0.0,1.0,1.0579159331736239,0.9999999999990546,5.216102492580868,0.9999999999998083
cont,sphere,sphere_d5_i000,5,2500,ES,1,5.508431005046049,0.0,0.0,1.0,1.3080112836062177,0.9999999999992354,6.024360136214245,0.999999999999834
cont,sphere,sphere_d5_i000,5,2500,ES,2,3.854644735069475,0.0,0.0,1.0,1.1373423944705658,0.9999999999991207,5.431921512020068,0.9999999999998159
cont,sphere,sphere_d5_i000,5,2500,GWO,0,0.04771117550026614,0.4723397151379317,0.0,0.0,0.6414518588348632,0.2260378686747554,1.9781897512933064,0.2076399761233078
cont,sphere,sphere_d5_i000,5,2500,GWO,1,0.037226270757364475,0.9179790450335081,0.0,0.33333333333333337,0.6088513902349065,0.2173921080753155,1.9168403636346634,0.25593646070648773
cont,sphere,sphere_d5_i000,5,2500,GWO,2,0.031165989614890532,0.458272022755169,0.0,0.33333333333333337,0.5863874280370627,0.26196367839263623,1.8597434585366215,0.27661553346983137
cont,sphere,sphere_d5_i000,5,2500,WOA,0,0.005758444798225147,0.23193783841916027,0.0,0.0,1.0250184761389551,0.1460171473884653,3.3098790820311095,0.1672573065342206
cont,sphere,sphere_d5_i000,5,2500,WOA,1,0.00190150299214339,0.3383066026091359,0.0,0.0,1.397304369225562,0.12635650677558172,3.443077944011988,0.16582528665094357
cont,sphere,sphere_d5_i000,5,2500,WOA,2,0.007613653480684427,0.4400873378704705,0.0,0.0,1.1067824250237042,0.2060083388855074,2.9183742109021096,0.20447613047532834
cont,sphere,sphere_d5_i001,5,2500,PSO,0,1.6344791225535054e-06,0.18400933309705958,0.0,0.0,0.14262864622806481,0.09308724749308174,0.35757414278707467,0.037120616446458844
cont,sphere,sphere_d5_i001,5,2500,PSO,1,1.7263237620602915e-06,0.17059614062220604,0.0,0.0,0.12631827041943322,0.030077430979282258,0.3007034678240161,0.021545631676196362
cont,sphere,sphere_d5_i001,5,2500,PSO,2,3.3715812623400346e-06,0.1771638152260544,0.0,0.0,0.19482950483042832,0.03674085432408644,0.49967533537283043,0.021691384332151845
cont,sphere,sphere_d5_i001,5,2500,DE,0,0.0005450452140724874,0.20597182104595763,0.0,0.0,0.24709867073552966,0.03659549343125134,0.9050546877538785,0.03836311064752645
cont,sphere,sphere_d5_i001,5,2500,DE,1,0.00047351490215699935,0.2484932111086385,0.0,0.0,0.1852194846462112,0.0442804311914807,0.7641475228713843,0.04003694769590052
cont,sphere,sphere_d5_i001,5,2500,DE,2,0.0009609744776863513,0.19836074155105415,0.0,0.0,0.2390378487387003,0.03903899980157854,0.9189435697330269,0.03972745244060221
cont,sphere,sphere_d5_i001,5,2500,ES,0,4.2160829572001886,0.0,0.0,1.0,1.0903688044796032,0.9999999999990828,3.821784213934648,0.9999999999997383
cont,sphere,sphere_d5_i001,5,2500,ES,1,1.2582891847293751,0.0,0.0,1.0,0.8598064520107804,0.9999999999988369,5.112496357969533,0.9999999999998044
cont,sphere,sphere_d5_i001,5,2500,ES,2,3.5004428708582043,0.0,0.0,1.0,1.0157571979664508,0.9999999999990155,4.618840007633004,0.9999999999997835
cont,sphere,sphere_d5_i001,5,2500,GWO,0,0.022314666189213746,0.8318463346578744,0.0,0.33333333333333337,0.6620640709848205,0.2009197236492815,2.152019019896256,0.25316549002311756
cont,sphere,sphere_d5_i001,5,2500,GWO,1,0.0740305262650413,0.3897505424268241,0.0,0.0,0.6815075940183469,0.24537390207247886,2.1285798884936793,0.25333178396208755
cont,sphere,sphere_d5_i001,5,2500,GWO,2,0.0734343373614811,0.7466032855774023,0.0,0.33333333333333337,0.6434671862839971,0.2653812827555622,2.0479485819244214,0.28415156081095844
cont,sphere,sphere_d5_i001,5,2500,WOA,0,0.0011500797144863523,0.2189779158962696,0.0,0.0,1.276371624024501,0.16965495771186515,3.373207650756952,0.17817163541736922
cont,sphere,sphere_d5_i001,5,2500,WOA,1,0.008576453218442599,0.20575220500970992,0.0,0.0,1.142410067556063,0.18082761741737713,3.3697756737263296,0.23647290413290958
cont,sphere,sphere_d5_i001,5,2500,WOA,2,0.0009216527584984492,0.1809459481641674,0.0,0.0,1.2822339146284258,0.17197345105696446,3.1518080717258314,0.19611977370110348
cont,sphere,sphere_d5_i002,5,2500,PSO,0,3.1592636421000435e-06,0.17000322185088304,0.0,0.0,0.2727961693905887,0.025321210426490756,0.7294833846245901,0.01868522700642777
cont,sphere,sphere_d5_i002,5,2500,PSO,1,1.8088843493400639e-06,0.17314003460517055,0.0,0.0,0.26644927929097284,0.029099563420616367,0.5828555278766985,0.02460961073049881
cont,sphere,sphere_d5_i002,5,2500,PSO,2,3.1095598492707684e-07,0.16805783344653885,0.0,0.0,0.2653560728954018,0.022112475340003133,0.667713018107242,0.014688578008886309
cont,sphere,sphere_d5_i002,5,2500,DE,0,0.00363449752645416,0.22156289125224277,0.0,0.0,0.4566532419588908,0.050936363900588234,1.891365704666722,0.046906724225711086
cont,sphere,sphere_d5_i002,5,2500,DE,1,0.0005190655012501018,0.18865617399445245,0.0,0.0,0.29643710075810137,0.02394631344056651,1.1830354662252622,0.025060164870118043
cont,sphere,sphere_d5_i002,5,2500,DE,2,0.0026502843499710614,0.18218258912365462,0.0,0.0,0.3259106266934388,0.043365029276995336,1.2533891976888638,0.044196332649916036
cont,sphere,sphere_d5_i002,5,2500,ES,0,8.12202232174435,0.0,0.0,1.0,1.579894212650417,0.999999999999367,5.446000374800973,0.9999999999998164
cont,sphere,sphere_d5_i002,5,2500,ES,1,13.503897983055033,0.0,0.0,1.0,1.8111766248624648,0.9999999999994478,5.4016428312154945,0.9999999999998148
cont,sphere,sphere_d5_i002,5,2500,ES,2,8.530721861504242,0.0,0.0,1.0,1.798182011284131,0.9999999999994438,5.379055239325484,0.999999999999814
cont,sphere,sphere_d5_i002,5,2500,GWO,0,0.0029939995977601185,0.31370303880348593,0.0,0.0,0.22834642104753977,0.2172436665733535,0.8241542652303442,0.2864723634445889
cont,sphere,sphere_d5_i002,5,2500,GWO,1,0.011838876801718936,0.25419783210495456,0.0,0.0,0.21589145251809547,0.20618658735282425,0.8232211149965762,0.2145507323646294
cont,sphere,sphere_d5_i002,5,2500,GWO,2,0.0075517633938292274,0.2973009842580688,0.0,0.33333333333333337,0.222302342697362,0.218642700719331,0.8560962726926391,0.21129611515935118
cont,sphere,sphere_d5_i002,5,2500,WOA,0,0.0008433087968517723,0.24527594622080764,0.0,0.0,1.1289202004275203,0.06561730604320956,3.0013721370817135,0.082914165193242
cont,sphere,sphere_d5_i002,5,2500,WOA,1,0.001287509259985541,0.22368717550241038,0.0,0.0,1.2162406096283667,0.04537898426020085,3.266926641504425,0.046785656747238336
cont,sphere,sphere_d5_i002,5,2500,WOA,2,0.00422363192115748,0.25723915968550615,0.0,0.0,0.8501630465781875,0.058756920660795416,2.6011264868040698,0.08344611741688045
cont,sphere,sphere_d5_i003,5,2500,PSO,0,1.4572941728929464e-06,0.17335869341647503,0.0,0.0,0.1965083913931143,0.023174436281683596,0.4497528415142531,0.013419025374800836
cont,sphere,sphere_d5_i003,5,2500,PSO,1,8.931527586578849e-06,0.1685271671725351,0.0,0.0,0.25847813154208876,0.0797289019731976,0.5043432004980124,0.046896982997232384
cont,sphere,sphere_d5_i003,5,2500,PSO,2,3.898536516411825e-06,0.17658353155308312,0.0,0.0,0.2339961359993882,0.03455883051840608,0.5645563264606925,0.03395435278363649
cont,sphere,sphere_d5_i003,5,2500,DE,0,0.002834479835896712,0.44828231438740174,0.0,0.0,0.3807718405044379,0.03933829351874858,1.4824260361592863,0.03652819232518169
cont,sphere,sphere_d5_i003,5,2500,DE,1,0.0046163723317934734,0.23089565547156438,0.0,0.0,0.38524708828218934,0.04709670105837071,1.5395482426835572,0.04536396433202515
cont,sphere,sphere_d5_i003,5,2500,DE,2,0.0009774895840615493,0.21304433031992767,0.0,0.0,0.2578920977130057,0.04745512421301789,1.0671349518669007,0.03895911549154557
cont,sphere,sphere_d5_i003,5,2500,ES,0,6.988695028948249,0.0,0.0,1.0,1.5645673534351203,0.9999999999993607,5.693928327724582,0.9999999999998244
cont,sphere,sphere_d5_i003,5,2500,ES,1,6.029070925914427,0.0,0.0,1.0,1.3896484662001232,0.9999999999992804,5.424341008499872,0.9999999999998156
cont,sphere,sphere_d5_i003,5,2500,ES,2,1.9130510619786527,0.0,0.0,1.0,1.2415276569675466,0.9999999999991944,5.580740664628104,0.9999999999998208
cont,sphere,sphere_d5_i003,5,2500,GWO,0,0.007355348064656409,0.4004506306520588,0.0,0.0,0.4817958461217806,0.24787014526906884,1.5512001848601094,0.25300329515124614
cont,sphere,sphere_d5_i003,5,2500,GWO,1,0.021042541370105274,0.9316876623524188,0.0,0.33333333333333337,0.5192576130183352,0.2343823069630741,1.6898627040524925,0.21627443701105276
cont,sphere,sphere_d5_i003,5,2500,GWO,2,0.5237505755679238,1.4878865570695334,0.0,0.33333333333333337,0.4977759112891603,0.18216802475071853,1.6101876463377502,0.2165520241185898
cont,sphere,sphere_d5_i003,5,2500,WOA,0,0.002704615657862393,0.2627749515124937,0.0,0.0,1.3018411377617798,0.12190520511902868,3.5166271965500906,0.15762639706897064
cont,sphere,sphere_d5_i003,5,2500,WOA,1,0.0005568298492477087,0.18547548710868367,0.0,0.0,1.0964821166630918,0.17983913833719684,3.185852377172951,0.19734457854257387
cont,sphere,sphere_d5_i003,5,2500,WOA,2,0.00348033075500217,0.2367977914333566,0.0,0.0,1.3982661648722279,0.1108919118287878,3.601951702437818,0.1466903797818299
cont,sphere,sphere_d5_i004,5,2500,PSO,0,5.781456212408939e-07,0.18013040915900877,0.0,0.0,0.20124306566518615,0.039168141561711015,0.4328058303223117,0.008051583010853671
cont,sphere,sphere_d5_i004,5,2500,PSO,1,2.7368181776411273e-06,0.174916343894331,0.0,0.0,0.15588614277662277,0.02361569700894334,0.4868649584145556,0.01206825130006432
cont,sphere,sphere_d5_i004,5,2500,PSO,2,3.139686435283303e-06,0.1690343723304049,0.0,0.0,0.23456648843701777,0.05073785555619056,0.6117348612538669,0.04401928031379025
cont,sphere,sphere_d5_i004,5,2500,DE,0,0.0015433699924795226,0.18329836282966072,0.0,0.0,0.33400369275952907,0.04843831503611812,1.2694567526121214,0.0495935043522824
cont,sphere,sphere_d5_i004,5,2500,DE,1,0.0016047473515474404,0.2825205155312768,0.0,0.0,0.30117006242953404,0.047027976237073846,1.2597236352156518,0.043095165293794854
cont,sphere,sphere_d5_i004,5,2500,DE,2,0.002860337942842477,0.2702044295441354,0.0,0.0,0.3235541394500272,0.04998866545010021,1.272544977080953,0.05257640563123187
cont,sphere,sphere_d5_i004,5,2500,ES,0,2.910365325189493,0.0,0.0,1.0,1.366824732032544,0.9999999999992684,5.372252853867532,0.9999999999998138
cont,sphere,sphere_d5_i004,5,2500,ES,1,3.309325868539547,0.0,0.0,1.0,1.4972017924189824,0.999999999999332,5.425496731639579,0.9999999999998157
cont,sphere,sphere_d5_i004,5,2500,ES,2,5.630267930111995,0.0,0.0,1.0,1.4013656707117081,0.9999999999992863,4.6808992389957655,0.9999999999997864
cont,sphere,sphere_d5_i004,5,2500,GWO,0,0.10700199555037107,0.2879538185065454,0.0,0.0,0.44882783473544574,0.26015654935381893,1.619158829627557,0.271679609501334
cont,sphere,sphere_d5_i004,5,2500,GWO,1,0.03197676132668417,0.47471759008088826,0.0,0.0,0.46051326920212515,0.2598302853029904,1.701780180479882,0.21877109158047672
cont,sphere,sphere_d5_i004,5,2500,GWO,2,0.03550882041896024,0.6876590651592566,0.0,0.33333333333333337,0.4431750730247341,0.21260816978366817,1.598389692717317,0.21026848348802812
cont,sphere,sphere_d5_i004,5,2500,WOA,0,0.009506827539985217,0.2893024861486208,0.0,0.0,1.1786674145684508,0.14511590156476262,2.9462920450118313,0.1500215601812552
cont,sphere,sphere_d5_i004,5,2500,WOA,1,0.006765858885318344,0.2512964158489476,0.0,0.0,1.4081130221573228,0.13623231447462988,3.4162843765391178,0.1541124784344677
cont,sphere,sphere_d5_i004,5,2500,WOA,2,0.0018438378153299282,0.20423905206501106,0.0,0.0,1.3974686542047894,0.13080208786137829,3.5051318469932773,0.1463645393939574
cont,sphere,sphere_d10_i000,10,5000,PSO,0,2.1305399288013938,0.2098531616424041,0.0,0.0,0.1499354439132304,0.056960558667484396,0.7163958177935196,0.03615421800563489
cont,sphere,sphere_d10_i000,10,5000,PSO,1,1.008935182336827,0.22199873604400686,0.0,0.0,0.23124453382344334,0.09686493308944198,0.9391298033910358,0.06749240197410132
cont,sphere,sphere_d10_i000,10,5000,PSO,2,1.8977213188059103,0.17496597364098251,0.0,0.0,0.16329445520496877,0.09285155390612165,0.8817737832573175,0.029919217115469934
cont,sphere,sphere_d10_i000,10,5000,DE,0,0.791977995831266,0.24242516961908017,0.0,0.0,0.9668055436352188,0.2471025939060306,4.852228334860133,0.2788191122217389
cont,sphere,sphere_d10_i000,10,5000,DE,1,0.6752887566736885,0.23671952254931816,0.0,0.0,0.6761076042256778,0.24095455261157486,3.733079808183862,0.2602457434189799
cont,sphere,sphere_d10_i000,10,5000,DE,2,1.0374957264350426,0.47422059524755905,0.0,0.0,0.793628336027277,0.27870131059024167,4.109975590917966,0.2699080938320445
cont,sphere,sphere_d10_i000,10,5000,ES,0,21.655420868775984,0.0,0.0,1.0,1.627660313141924,0.9999999999993856,8.033401321356372,0.9999999999998755
cont,sphere,sphere_d10_i000,10,5000,ES,1,23.925462426993757,0.0,0.0,1.0,1.6963586902775696,0.9999999999994105,7.949369164757852,0.9999999999998742
cont,sphere,sphere_d10_i000,10,5000,ES,2,25.731490690900348,0.0,0.0,1.0,1.6457344704874088,0.9999999999993923,7.464307930378135,0.999999999999866
cont,sphere,sphere_d10_i000,10,5000,GWO,0,0.9893438018232894,0.4649515432609113,0.0,0.0,0.8439785855502867,0.5903198871983113,3.9847872852086756,0.6054125996844989
cont,sphere,sphere_d10_i000,10,5000,GWO,1,2.0331038082061847,-0.008610595105397693,0.0,0.6666666666666667,0.7930762379834484,0.7682300548854128,3.745288549831411,0.7395323985374419
cont,sphere,sphere_d10_i000,10,5000,GWO,2,1.3641045979659019,0.4192875123141831,0.0,0.0,0.790220783247722,0.5410056978270902,3.7829613411763687,0.6149331754258394
cont,sphere,sphere_d10_i000,10,5000,WOA,0,0.5670996570801647,0.20709468518467442,0.0,0.0,2.157778094581949,0.5849208481744695,7.670211563693553,0.5339192985558855
cont,sphere,sphere_d10_i000,10,5000,WOA,1,0.20570793586007488,0.381782409539665,0.0,0.0,2.1475500509442838,0.6114234748155863,7.778963856219747,0.578669401099145
cont,sphere,sphere_d10_i000,10,5000,WOA,2,0.2914136867587558,0.23141790074099533,0.0,0.0,2.0492359889726215,0.9936247982173609,8.206565757768386,0.912872224214577
cont,sphere,sphere_d10_i001,10,5000,PSO,0,1.0959599816853365,0.18679940982963766,0.0,0.0,0.20066296655668456,0.04175985266402354,0.9107625411789675,0.03345155681532034
cont,sphere,sphere_d10_i001,10,5000,PSO,1,2.4080096535245104,0.5536040962987072,0.0,0.0,0.2060485902074701,0.12106843544349674,0.8381961237309726,0.20363848526418532
cont,sphere,sphere_d10_i001,10,5000,PSO,2,0.46809214732666066,0.19195804206814182,0.0,0.0,0.19459463736332377,0.08373287049540706,0.6453359347839545,0.060727356604724614
cont,sphere,sphere_d10_i001,10,5000,DE,0,0.5415779976747671,0.24378419544147298,0.0,0.0,0.9315042372793085,0.17364516005666658,4.828534204050625,0.2007917417349437
cont,sphere,sphere_d10_i001,10,5000,DE,1,0.9175065701740263,0.22452121907874795,0.0,0.0,0.9697957296619812,0.2184201782759764,5.0813961343279255,0.2166161799833351
cont,sphere,sphere_d10_i001,10,5000,DE,2,0.5886956537356771,0.25543835513511215,0.0,0.0,0.7605384415845292,0.24178073030137687,3.889414929849125,0.2685037962335333
cont,sphere,sphere_d10_i001,10,5000,ES,0,22.776823615097342,0.0,0.0,1.0,1.6228877936840913,0.9999999999993837,7.907867124851608,0.9999999999998735
cont,sphere,sphere_d10_i001,10,5000,ES,1,18.203290646379667,0.0,0.0,1.0,1.5181234317414847,0.9999999999993412,7.8712055904075084,0.999999999999873
cont,sphere,sphere_d10_i001,10,5000,ES,2,16.318762492784955,0.0,0.0,1.0,1.18233236684749,0.9999999999991541,6.810151145994254,0.9999999999998531
cont,sphere,sphere_d10_i001,10,5000,GWO,0,1.7224360594338344,0.2973959792316457,0.0,0.33333333333333337,0.8568574908990431,0.5978961002431534,3.9481048165526085,0.5215474396197021
cont,sphere,sphere_d10_i001,10,5000,GWO,1,1.7694354064755786,0.1670861791774746,0.0,0.33333333333333337,0.8067759103624415,0.6862178015054603,3.7257931428656224,0.8296227307293069
cont,sphere,sphere_d10_i001,10,5000,GWO,2,1.867720698925485,0.3232752621423233,0.0,0.0,0.8128602334496224,0.7743937866297417,3.7839839193269476,0.8034470505140031
cont,sphere,sphere_d10_i001,10,5000,WOA,0,0.5293450755701122,0.21976456258746727,0.0,0.0,2.0073247308197724,0.7920737150581925,7.146329292762994,0.8192448904165279
cont,sphere,sphere_d10_i001,10,5000,WOA,1,0.2955141968665017,0.4149354732172513,0.0,0.0,2.065675810129285,0.7830182266136291,7.621342888358784,0.8383941765397511
cont,sphere,sphere_d10_i001,10,5000,WOA,2,0.3015247119782428,0.2560169246529335,0.0,0.0,1.8538629002643003,0.6188272330545059,7.201347867825891,0.6210850940306033
cont,sphere,sphere_d10_i002,10,5000,PSO,0,9.105627237553767,0.4464281231414297,0.0,0.0,0.17885667058975108,0.03275825965626309,0.8438931802618131,0.027349131187551303
cont,sphere,sphere_d10_i002,10,5000,PSO,1,2.0539622389475283,0.18228453949613901,0.0,0.0,0.21790511476544172,0.053044165435261144,0.9871680252648624,0.03147978208274684
cont,sphere,sphere_d10_i002,10,5000,PSO,2,0.004630522005153912,0.1759783902905143,0.0,0.0,0.27466536507582584,0.04696905420884611,1.0109840953103488,0.04398634690787206
cont,sphere,sphere_d10_i002,10,5000,DE,0,1.3739811419779242,0.285356846911224,0.0,0.0,1.069209518958716,0.30269982565617815,5.600796058080411,0.31117888301661045
cont,sphere,sphere_d10_i002,10,5000,DE,1,0.5565643172806386,0.42371192968727367,0.0,0.0,0.8269526092646411,0.2907523540329108,4.58718536671445,0.28049050329418906
cont,sphere,sphere_d10_i002,10,5000,DE,2,0.5664461398719928,0.3637617900642607,0.0,0.0,0.8952288421772715,0.23569402068806714,4.7444175079654505,0.26513100097051906
cont,sphere,sphere_d10_i002,10,5000,ES,0,18.798230444018532,0.0,0.0,1.0,1.685758968312858,0.9999999999994067,7.57449284141278,0.999999999999868
cont,sphere,sphere_d10_i002,10,5000,ES,1,20.923054520303463,0.0,0.0,1.0,2.0165690937803,0.9999999999995041,8.55967093936538,0.9999999999998832
cont,sphere,sphere_d10_i002,10,5000,ES,2,33.46120309660153,0.0,0.0,1.0,2.0050675113184253,0.9999999999995012,8.563042568524404,0.9999999999998832
cont,sphere,sphere_d10_i002,10,5000,GWO,0,1.8294200656400197,0.1859989205933608,0.0,0.33333333333333337,0.6944020909928702,0.5560763955045956,3.4411719044234186,0.5996845195366867
cont,sphere,sphere_d10_i002,10,5000,GWO,1,0.49832869122918655,0.47917846846759077,0.0,0.0,0.6635083740627462,0.6246451997264619,3.269617021931917,0.6212953650146146
cont,sphere,sphere_d10_i002,10,5000,GWO,2,1.4256346836679392,1.0431810657831446,0.0,0.33333333333333337,0.731509355920377,0.5821387078656861,3.4818587661182905,0.5544487907576044
cont,sphere,sphere_d10_i002,10,5000,WOA,0,0.9849119235358093,0.2539206075793961,0.0,0.0,2.1409008653599075,0.7592049367819013,8.253993641097267,0.7274229907982942
cont,sphere,sphere_d10_i002,10,5000,WOA,1,0.09623684049023265,0.29462824122458814,0.0,0.0,2.0367264316778457,0.7695251027978779,8.131860818797898,0.624620287992226
cont,sphere,sphere_d10_i002,10,5000,WOA,2,0.4139144234000969,0.2969482513486151,0.0,0.0,2.1660111205195927,0.6891369078528734,8.247790276483098,0.7244512675876263
cont,sphere,sphere_d10_i003,10,5000,PSO,0,9.479877368197386,0.7744926392564955,0.0,0.0,0.1302511291319308,0.07853695733369576,0.6130841679115664,0.11850932416267637
cont,sphere,sphere_d10_i003,10,5000,PSO,1,1.3034478946868486,0.17373728804974342,0.0,0.0,0.11833482928721632,0.01879807755196711,0.5013243556649915,0.013938275106813657
cont,sphere,sphere_d10_i003,10,5000,PSO,2,0.4932278322359517,0.19750046586639464,0.0,0.0,0.19382115308972464,0.05308302316556903,0.9390664349712047,0.03965654151708758
cont,sphere,sphere_d10_i003,10,5000,DE,0,0.8820027460344986,0.2613769580712059,0.0,0.0,0.829092101505327,0.20944472653325194,4.423995550185521,0.21893938470113683
cont,sphere,sphere_d10_i003,10,5000,DE,1,0.39699719468124617,0.2863467073623028,0.0,0.0,0.6869211113931087,0.2300135522050032,3.5441825422691107,0.26541240054426174
cont,sphere,sphere_d10_i003,10,5000,DE,2,0.28259072286228193,0.32711482268080083,0.0,0.0,0.755570611589963,0.1527998841835866,4.116710813285512,0.18249788838986933
cont,sphere,sphere_d10_i003,10,5000,ES,0,18.828227455990643,0.0,0.0,1.0,1.4434160364049045,0.9999999999993071,6.524331545376084,0.9999999999998467
cont,sphere,sphere_d10_i003,10,5000,ES,1,13.43912764930217,0.0,0.0,1.0,1.5350023831644362,0.9999999999993485,7.120437719222698,0.9999999999998596
cont,sphere,sphere_d10_i003,10,5000,ES,2,29.933050091070687,0.0,0.0,1.0,1.6949464240192889,0.9999999999994099,7.07730976527709,0.9999999999998587
cont,sphere,sphere_d10_i003,10,5000,GWO,0,1.1747065032859998,0.7878584791589371,0.0,0.6666666666666667,0.6711070470908888,0.6186827259805245,3.2984525914639624,0.6086209787888542
cont,sphere,sphere_d10_i003,10,5000,GWO,1,1.3300101007273557,1.872774054922682,0.0,0.6666666666666667,0.7460634465262811,0.6218233691746283,3.7302362409239684,0.5978393401871858
cont,sphere,sphere_d10_i003,10,5000,GWO,2,1.685650727294984,185.13883284072656,0.0,0.6666666666666667,0.725801173793032,0.62279403817181,3.359609410518734,0.6935568782058523
cont,sphere,sphere_d10_i003,10,5000,WOA,0,0.5934650800141483,0.25456309677483846,0.0,0.0,1.9506838443599435,0.7189977700487499,7.264464160835413,0.633986428776708
cont,sphere,sphere_d10_i003,10,5000,WOA,1,0.15433115855892846,0.2677579569770758,0.0,0.0,1.8366730879579611,0.716084157373814,7.384444799260548,0.6516535433774185
cont,sphere,sphere_d10_i003,10,5000,WOA,2,0.27061133566455187,0.25040875359215004,0.0,0.0,2.0984552437837642,0.7550095582162977,7.956183996168445,0.6418606295405843
cont,sphere,sphere_d10_i004,10,5000,PSO,0,0.39426594304204104,0.2066403488284728,0.0,0.0,0.17376142268444844,0.10361810894740599,0.676567473561315,0.08046466433520594
cont,sphere,sphere_d10_i004,10,5000,PSO,1,8.461950769196257,0.17670809946392718,0.0,0.0,0.14647504613518492,0.05054074287726344,0.6157165911268638,0.038456949232575525
cont,sphere,sphere_d10_i004,10,5000,PSO,2,0.21745940602455263,0.18179159579226858,0.0,0.0,0.16201679642049824,0.06905417984571073,0.659432149780685,0.07236332481316304
cont,sphere,sphere_d10_i004,10,5000,DE,0,0.7098562235074817,0.2512468881980764,0.0,0.0,0.7819227549990703,0.2227414742735005,4.18500966884721,0.24408314856068472
cont,sphere,sphere_d10_i004,10,5000,DE,1,0.28311034537053115,0.2583220648314646,0.0,0.0,0.7963242670674101,0.20016980203421156,4.172405427688377,0.20675261691571822
cont,sphere,sphere_d10_i004,10,5000,DE,2,0.21934110198836002,0.3037443483141623,0.0,0.0,0.7475418343330872,0.16330061617473718,4.014886370283441,0.16515183576624434
cont,sphere,sphere_d10_i004,10,5000,ES,0,9.435176503609405,0.0,0.0,1.0,1.4103873157974813,0.9999999999992909,6.937785745562809,0.9999999999998559
cont,sphere,sphere_d10_i004,10,5000,ES,1,5.938217806985348,0.0,0.0,1.0,1.5664826239710128,0.9999999999993616,7.696945247458848,0.9999999999998701
cont,sphere,sphere_d10_i004,10,5000,ES,2,21.646468175965175,0.0,0.0,1.0,1.7635656854532615,0.9999999999994329,7.337354827227299,0.9999999999998637
cont,sphere,sphere_d10_i004,10,5000,GWO,0,2.77583671158852,-0.07826291571709632,0.0,0.6666666666666667,0.9097428972028268,0.617970983028507,4.059264346367023,0.6894810374381664
cont,sphere,sphere_d10_i004,10,5000,GWO,1,1.2346361941439319,0.6064993896145423,0.0,0.33333333333333337,0.8534055578841119,0.5842916447000106,3.7557375249333185,0.6471345350663378
cont,sphere,sphere_d10_i004,10,5000,GWO,2,1.8533615872821814,-1.9851252092100158,0.0,0.6666666666666667,0.8564859034082382,0.6221053676494248,4.006703340512223,0.5944459130488826
cont,sphere,sphere_d10_i004,10,5000,WOA,0,0.2781127903714808,0.23879203428971965,0.0,0.0,2.101160932221279,0.43360744881784885,7.55875988903072,0.6338327782916436
cont,sphere,sphere_d10_i004,10,5000,WOA,1,0.2382463346087708,0.22347982166744673,0.0,0.0,2.2064015853328005,0.6600726040824901,8.060002805166551,0.6795059489639456
cont,sphere,sphere_d10_i004,10,5000,WOA,2,0.5645442366566545,0.2510229333531283,0.0,0.0,1.9893898093790865,0.7592300198364776,7.736250140977058,0.6957854071536385
cont,rastrigin,rastrigin_d5_i000,5,2500,PSO,0,3.0818567857177968,0.17530649899476294,0.0,0.0,0.4219811106956851,0.29685167977344346,0.5872167852190273,0.24593631787656134
cont,rastrigin,rastrigin_d5_i000,5,2500,PSO,1,4.37857224554547,0.2919650757369549,0.0,0.0,0.688815571798087,0.3629250782611698,1.331030318257893,0.2005092225016604
cont,rastrigin,rastrigin_d5_i000,5,2500,PSO,2,7.108066373638906,0.1702490760246707,0.0,0.0,0.47540381526945147,0.5224767860810747,0.760652474305088,0.2438017883277463
cont,rastrigin,rastrigin_d5_i000,5,2500,DE,0,10.605960799175904,0.16666666666664637,0.0,0.6666666666666667,1.1492634639322477,0.8873563729495072,4.157045926418419,0.7739810417764297
cont,rastrigin,rastrigin_d5_i000,5,2500,DE,1,16.96850307125517,0.1666666666666332,0.0,0.6666666666666667,1.3794202387924586,0.7906770698039822,4.7273246500711155,0.8333811979292415
cont,rastrigin,rastrigin_d5_i000,5,2500,DE,2,11.638330423178708,0.16666666666664942,0.0,0.6666666666666667,1.256151274414303,0.908480767835064,4.215646628786073,0.9535162513535916
cont,rastrigin,rastrigin_d5_i000,5,2500,ES,0,14.447118471454061,0.0,0.0,1.0,1.4943247160608242,0.9999999999993308,5.1637708364509365,0.9999999999998064
cont,rastrigin,rastrigin_d5_i000,5,2500,ES,1,26.47199701048289,0.0,0.0,1.0,1.6862170210540401,0.9999999999994069,4.717187794605041,0.999999999999788
cont,rastrigin,rastrigin_d5_i000,5,2500,ES,2,27.636378462686416,0.0,0.0,1.0,1.7699243038262704,0.999999999999435,5.075154131439132,0.9999999999998029
cont,rastrigin,rastrigin_d5_i000,5,2500,GWO,0,19.26476874464549,0.8908410483918207,0.0,0.33333333333333337,0.5620662578763757,0.2712575528455005,1.7934456136472963,0.24188991269559965
cont,rastrigin,rastrigin_d5_i000,5,2500,GWO,1,12.972796732199306,1.0150933226256538,0.0,0.33333333333333337,0.607022283828205,0.13997409271033406,2.0137381078616743,0.18522845239124647
cont,rastrigin,rastrigin_d5_i000,5,2500,GWO,2,16.751229598768326,3.6874819146222526,0.0,0.33333333333333337,0.5156787399114502,0.14368438824014818,1.8401754898608313,0.1808734653958259
cont,rastrigin,rastrigin_d5_i000,5,2500,WOA,0,9.283530667362584,0.3393391337461016,0.0,0.0,1.249628306260194,0.11968421729753838,3.26535830823653,0.13603767537048014
cont,rastrigin,rastrigin_d5_i000,5,2500,WOA,1,10.297110733886285,0.6315138618597433,0.0,0.0,1.3048109268397992,0.11811001516199139,3.1033221782071236,0.15921570612785696
cont,rastrigin,rastrigin_d5_i000,5,2500,WOA,2,5.186652468215698,0.2607713850031615,0.0,0.0,1.3232948912692126,0.15400094797326258,3.2177903517361055,0.18388723744949872
cont,rastrigin,rastrigin_d5_i001,5,2500,PSO,0,6.966873804465763,0.29739447861077106,0.0,0.0,0.5283994451858343,0.6446407805766199,0.9131300679796652,0.4174090905719724
cont,rastrigin,rastrigin_d5_i001,5,2500,PSO,1,18.90468775998482,0.1888001419144996,0.0,0.0,0.6710219064130396,0.6205578941845424,1.1891555200755841,0.3705175730811485
cont,rastrigin,rastrigin_d5_i001,5,2500,PSO,2,10.971990305561974,0.2141079018149411,0.0,0.0,0.7162256843592069,0.4184712246353182,1.4480419197755494,0.3287364450541948
cont,rastrigin,rastrigin_d5_i001,5,2500,DE,0,20.540436236360417,0.3407832270943091,0.0,0.0,1.5460501675367666,0.8882009750176676,5.412680734372914,1.010867038031092
cont,rastrigin,rastrigin_d5_i001,5,2500,DE,1,20.76445253900719,0.0,0.0,1.0,1.585284107508327,0.80067424152815,5.772023020084551,0.8807363016980452
cont,rastrigin,rastrigin_d5_i001,5,2500,DE,2,10.896457086733385,0.7936023059295204,0.0,0.33333333333333337,1.4281284608855975,0.7358310343697934,4.982115985427283,0.7166625825835362
cont,rastrigin,rastrigin_d5_i001,5,2500,ES,0,54.08546292106212,0.0,0.0,1.0,2.1278651605978145,0.99999999999953,5.081999278812788,0.9999999999998032
cont,rastrigin,rastrigin_d5_i001,5,2500,ES,1,41.00173477785107,0.0,0.0,1.0,1.9357840510319704,0.9999999999994834,4.895701282835067,0.9999999999997957
cont,rastrigin,rastrigin_d5_i001,5,2500,ES,2,33.19097379781594,0.0,0.0,1.0,1.8952849603728943,0.9999999999994723,5.34869422664202,0.999999999999813
cont,rastrigin,rastrigin_d5_i001,5,2500,GWO,0,12.171717585724352,0.31159314846630576,0.0,0.0,0.2692537417928856,0.14898646557322182,0.9436207761352678,0.22619142444032816
cont,rastrigin,rastrigin_d5_i001,5,2500,GWO,1,8.719956398281859,0.7872122152936768,0.0,0.33333333333333337,0.4530025353146716,0.19097008360313472,1.4967285142601348,0.22643057935631997
cont,rastrigin,rastrigin_d5_i001,5,2500,GWO,2,12.656229001058897,0.6098151744102006,0.0,0.33333333333333337,0.5199007944336863,0.19016180487949827,1.7573544343227439,0.2090790325022291
cont,rastrigin,rastrigin_d5_i001,5,2500,WOA,0,14.929643684741109,0.24150796752874554,0.0,0.0,1.2866728661580427,0.16586939577483803,3.928247214748647,0.10421520141932256
cont,rastrigin,rastrigin_d5_i001,5,2500,WOA,1,2.0612819852010347,0.32179847337915496,0.0,0.0,1.348552095832897,0.0716300273011164,3.526835881583428,0.09436101113266952
cont,rastrigin,rastrigin_d5_i001,5,2500,WOA,2,7.919040975657552,0.6410550481558179,0.0,0.0,1.228344576147661,0.09384854430440669,3.137849318706041,0.13498346688244528
cont,rastrigin,rastrigin_d5_i002,5,2500,PSO,0,5.97109107668831,0.1860768330605993,0.0,0.0,0.4752845831444633,0.2778037689106105,1.0127087755932587,0.2555548716025193
cont,rastrigin,rastrigin_d5_i002,5,2500,PSO,1,4.039645864472746,0.588042225062875,0.0,0.0,0.7936648197127292,0.5503363848809508,1.8250149933373305,0.6106003954512479
cont,rastrigin,rastrigin_d5_i002,5,2500,PSO,2,2.9853181484445273,0.25119038850612857,0.0,0.0,0.4471280273946923,0.27862670438385556,0.903256005528182,0.11442756206597027
cont,rastrigin,rastrigin_d5_i002,5,2500,DE,0,13.175613926128761,0.166666666666439,0.0,0.6666666666666667,1.5261947481850964,0.7924702005074731,5.393752349995401,0.7792218471447575
cont,rastrigin,rastrigin_d5_i002,5,2500,DE,1,10.57100278519372,0.3072849024963585,0.0,0.33333333333333337,1.364230974578162,0.6270373180862404,4.759057541431981,0.6333287065484777
cont,rastrigin,rastrigin_d5_i002,5,2500,DE,2,10.856086456787793,0.6608547206466949,0.0,0.33333333333333337,1.4093271507672624,0.6658874085407872,5.118990971802274,0.643715110038217
cont,rastrigin,rastrigin_d5_i002,5,2500,ES,0,45.91365923990745,0.0,0.0,1.0,1.9247861974159464,0.9999999999994804,5.0262570793325825,0.999999999999801
cont,rastrigin,rastrigin_d5_i002,5,2500,ES,1,33.821835883588214,0.0,0.0,1.0,1.5705331758414052,0.9999999999993632,5.247602034801069,0.9999999999998094
cont,rastrigin,rastrigin_d5_i002,5,2500,ES,2,48.264651044153965,0.0,0.0,1.0,1.8915989122677268,0.9999999999994713,6.2555889610068975,0.9999999999998401
cont,rastrigin,rastrigin_d5_i002,5,2500,GWO,0,12.32539874456073,0.44690814133467544,0.0,0.0,0.40414761865527954,0.1509805069975696,1.5204970372100133,0.1545961016881342
cont,rastrigin,rastrigin_d5_i002,5,2500,GWO,1,4.192518385923293,0.6791288283697976,0.0,0.33333333333333337,0.5827756536999089,0.1423922102142216,2.0591659092478762,0.1308438222474043
cont,rastrigin,rastrigin_d5_i002,5,2500,GWO,2,7.845568458278343,0.2148812487846175,0.0,0.33333333333333337,0.45537598034159765,0.19625794198176966,1.6583969349198346,0.20165549670293537
cont,rastrigin,rastrigin_d5_i002,5,2500,WOA,0,13.033002397753535,0.35756304740935646,0.0,0.0,1.446777640496677,0.07997461488766155,3.6509997641897276,0.13644591874943354
cont,rastrigin,rastrigin_d5_i002,5,2500,WOA,1,6.686540656535875,0.4202270746377475,0.0,0.0,1.2936665399376714,0.14723768943140578,3.163298312746589,0.18349713373751647
cont,rastrigin,rastrigin_d5_i002,5,2500,WOA,2,11.937739229538522,0.5481905854430849,0.0,0.0,1.0693705156002904,0.11559104028579133,3.0152183762518785,0.11742153397678581
cont,rastrigin,rastrigin_d5_i003,5,2500,PSO,0,3.981381019740212,0.2161886149282595,0.0,0.0,0.49347348502765254,0.4172912578403936,1.0751489385029191,0.3051387517604785
cont,rastrigin,rastrigin_d5_i003,5,2500,PSO,1,1.3651967133266965,0.39983256514414744,0.0,0.0,0.6672276346817566,0.7358829409747433,1.5225678405109995,0.7882796030413534
cont,rastrigin,rastrigin_d5_i003,5,2500,PSO,2,3.0311805620333416,0.2770469570877934,0.0,0.0,0.619549141246074,0.5504611594105879,1.40046732116154,0.27686484570338576
cont,rastrigin,rastrigin_d5_i003,5,2500,DE,0,12.869421881763344,0.5515792099343658,0.0,0.33333333333333337,1.3345363412228979,0.9611525293298456,4.533999394837708,0.9378667441140411
cont,rastrigin,rastrigin_d5_i003,5,2500,DE,1,12.093964112555753,0.33055610888697545,0.0,0.33333333333333337,1.3860350156971635,0.7117057590269819,4.842741150328607,0.6262693694176119
cont,rastrigin,rastrigin_d5_i003,5,2500,DE,2,13.781480248830938,0.3959973131073753,0.0,0.0,1.394348361942186,0.6820217816989588,4.791656321733049,0.6118602548205806
cont,rastrigin,rastrigin_d5_i003,5,2500,ES,0,25.506856690046863,0.0,0.0,1.0,1.340869966344577,0.9999999999992542,5.02476001644037,0.9999999999998009
cont,rastrigin,rastrigin_d5_i003,5,2500,ES,1,33.143238014514026,0.0,0.0,1.0,1.4432084122425237,0.999999999999307,5.121350148986588,0.9999999999998047
cont,rastrigin,rastrigin_d5_i003,5,2500,ES,2,26.842452723132965,0.0,0.0,1.0,1.5842556315417933,0.9999999999993687,5.622628180942468,0.9999999999998221
cont,rastrigin,rastrigin_d5_i003,5,2500,GWO,0,15.999946951918858,0.7840975012135055,0.0,0.33333333333333337,0.38846265073336744,0.1267192717189871,1.3005081177541888,0.12937798437132253
cont,rastrigin,rastrigin_d5_i003,5,2500,GWO,1,19.81960061619938,1.0386379155537397,0.0,0.33333333333333337,0.6007906918507502,0.17316938081964914,1.972082031464908,0.22753230825207324
cont,rastrigin,rastrigin_d5_i003,5,2500,GWO,2,14.743674399083773,3.4780602033391115,0.0,0.6666666666666667,0.5289042127125155,0.14094079960963712,1.738130402328713,0.15583687237943558
cont,rastrigin,rastrigin_d5_i003,5,2500,WOA,0,11.962409488844784,0.3224800204916718,0.0,0.0,1.185789580828026,0.15543540485008,3.049429532492564,0.1564202367757881
cont,rastrigin,rastrigin_d5_i003,5,2500,WOA,1,16.1819394600683,0.3960087748161915,0.0,0.0,1.2421490287668238,0.08772686494412128,3.313404382597231,0.10532477153309618
cont,rastrigin,rastrigin_d5_i003,5,2500,WOA,2,10.337651388712445,0.24452104140486433,0.0,0.0,1.2249513007887398,0.19373253705001459,3.00171843339125,0.2607763747084945
cont,rastrigin,rastrigin_d5_i004,5,2500,PSO,0,2.121533997125532,0.22191797095620278,0.0,0.0,0.7296604852223451,0.26735673673763505,1.608247125925875,0.17768472612328548
cont,rastrigin,rastrigin_d5_i004,5,2500,PSO,1,4.380570918744837,0.1758578157214648,0.0,0.0,0.48454089921137067,0.3909812646469467,0.9628725530040969,0.18467751082089034
cont,rastrigin,rastrigin_d5_i004,5,2500,PSO,2,7.985474126774541,0.4270104326535434,0.0,0.0,1.0101174259012753,0.8520516607603277,2.032651659072125,0.6045924883727757
cont,rastrigin,rastrigin_d5_i004,5,2500,DE,0,16.154463803105223,0.0,0.0,1.0,1.473527943179882,0.717905271225755,5.0303289780813,0.837397102773027
cont,rastrigin,rastrigin_d5_i004,5,2500,DE,1,8.672547691235167,0.16666666666665114,0.0,0.6666666666666667,1.1642620851081307,0.7712065368849846,4.268013263541136,0.8796114838215042
cont,rastrigin,rastrigin_d5_i004,5,2500,DE,2,16.001424303229904,0.43797047532576533,0.0,0.33333333333333337,1.5811003737601312,0.7985081784966396,5.675052103842044,0.8572489740785172
cont,rastrigin,rastrigin_d5_i004,5,2500,ES,0,42.20792272784591,0.0,0.0,1.0,2.0216084313021714,0.9999999999995053,4.8105184925438325,0.999999999999792
cont,rastrigin,rastrigin_d5_i004,5,2500,ES,1,55.36532421246637,0.0,0.0,1.0,1.9092523694890944,0.9999999999994762,5.732212521547426,0.9999999999998256
cont,rastrigin,rastrigin_d5_i004,5,2500,ES,2,31.819830170974427,0.0,0.0,1.0,1.7859638453660476,0.99999999999944,4.890418097766679,0.9999999999997955
cont,rastrigin,rastrigin_d5_i004,5,2500,GWO,0,14.193315669622805,0.22213933661718177,0.0,0.0,0.25554749889607137,0.15352720670146244,0.9721845636424038,0.12344890946016998
cont,rastrigin,rastrigin_d5_i004,5,2500,GWO,1,4.681265073793043,0.26083418672543407,0.0,0.0,0.24501142950230764,0.16708218685018544,0.8673482660457207,0.21727015748601314
cont,rastrigin,rastrigin_d5_i004,5,2500,GWO,2,5.170067400232341,1.6096952309889339,0.0,0.33333333333333337,0.3740026106891159,0.13365988868171208,1.483460442118017,0.15018809299825764
cont,rastrigin,rastrigin_d5_i004,5,2500,WOA,0,11.991467578844166,0.31043203172564665,0.0,0.0,1.0733029375655918,0.23841283647586742,2.847835088206689,0.08977694509813586
cont,rastrigin,rastrigin_d5_i004,5,2500,WOA,1,13.085812832678585,0.5043158100731321,0.0,0.0,1.1512540024680358,0.06385453998102308,2.9968163124244542,0.17483375709799165
cont,rastrigin,rastrigin_d5_i004,5,2500,WOA,2,4.1900344241437395,0.3744300706546922,0.0,0.0,1.0872834106183706,0.1518009813787989,2.7917314267234574,0.18849259913650043
cont,rastrigin,rastrigin_d10_i000,10,5000,PSO,0,17.565596147149222,0.5630374775862427,0.0,0.0,0.8167045431326438,0.7632499089080802,2.8556017350847434,0.5653611066266486
cont,rastrigin,rastrigin_d10_i000,10,5000,PSO,1,44.56221588751056,0.4188473263841738,0.0,0.0,0.6254792031499194,0.6330582552832404,2.0994543919532758,0.3920779748363773
cont,rastrigin,rastrigin_d10_i000,10,5000,PSO,2,42.75619865433371,0.3481507609370386,0.0,0.0,0.5964156943588528,0.6056994578035512,1.8714004676227378,0.48000683666932004
cont,rastrigin,rastrigin_d10_i000,10,5000,DE,0,61.345859531379084,0.5334620793388404,0.0,0.0,1.7979427195337423,0.8111127461887803,9.207400887754815,0.8492112472028527
cont,rastrigin,rastrigin_d10_i000,10,5000,DE,1,68.12032996141804,0.16667756696035457,0.0,0.33333333333333337,1.8027126968565752,0.7668478324066779,9.043906916457754,0.8743389604274249
cont,rastrigin,rastrigin_d10_i000,10,5000,DE,2,54.501067796586774,0.8333333333332242,0.0,0.6666666666666667,1.551876259993556,0.7482176073644953,7.952129471415553,0.7951692537004592
cont,rastrigin,rastrigin_d10_i000,10,5000,ES,0,125.92544701965834,0.0,0.0,1.0,2.3653576794342226,0.9999999999995772,7.326911602777055,0.9999999999998636
cont,rastrigin,rastrigin_d10_i000,10,5000,ES,1,123.83322743164806,0.0,0.0,1.0,1.8607564592063661,0.9999999999994625,7.444391492018534,0.9999999999998657
cont,rastrigin,rastrigin_d10_i000,10,5000,ES,2,101.23761042390596,0.0,0.0,1.0,1.904417219602605,0.9999999999994749,7.07755959239749,0.9999999999998587
cont,rastrigin,rastrigin_d10_i000,10,5000,GWO,0,41.24511221291367,0.6404963101623177,0.0,0.0,0.5737955235701245,0.2328346299552542,3.031356444927664,0.2872332716211969
cont,rastrigin,rastrigin_d10_i000,10,5000,GWO,1,63.33770468267471,1.308264202656046,0.0,0.6666666666666667,0.5401280954486454,0.30703048918972187,2.976139156857669,0.406501218288161
cont,rastrigin,rastrigin_d10_i000,10,5000,GWO,2,47.16213302767726,1.4689477346014002,0.0,0.33333333333333337,0.4715689693118433,0.4662605527139109,2.8092429460410333,0.49820261002160354
cont,rastrigin,rastrigin_d10_i000,10,5000,WOA,0,32.08740513063721,0.5536862135152504,0.0,0.0,2.202722992753668,0.7114906909976834,8.292046874504548,0.8076583743311353
cont,rastrigin,rastrigin_d10_i000,10,5000,WOA,1,36.272715983038054,0.4897136960061332,0.0,0.0,2.28231451210306,0.572107440924088,9.20394497565643,0.5084157594821779
cont,rastrigin,rastrigin_d10_i000,10,5000,WOA,2,48.81808176208271,0.36121164155182817,0.0,0.0,2.238541918463423,0.5733347862070749,8.418505254949165,0.5651226431480036
cont,rastrigin,rastrigin_d10_i001,10,5000,PSO,0,20.674700459705775,0.3559858723270699,0.0,0.0,0.6494654907073358,0.4245546625182456,2.1097254027011307,0.2900512995535394
cont,rastrigin,rastrigin_d10_i001,10,5000,PSO,1,44.203933161173055,0.7065197737587715,0.0,0.0,0.6638810541400717,0.7213236633342107,2.0871821797563355,0.4174522500427601
cont,rastrigin,rastrigin_d10_i001,10,5000,PSO,2,48.0640334678444,0.2725953364288716,0.0,0.0,0.6462584135394017,0.48913174474338783,2.2359929037641675,0.2913559700676363
cont,rastrigin,rastrigin_d10_i001,10,5000,DE,0,58.72426598226676,0.16666666666666033,0.0,0.6666666666666667,1.6412826425094784,0.8409757660517926,8.112450236373897,0.8831886548399727
cont,rastrigin,rastrigin_d10_i001,10,5000,DE,1,52.81474664489136,0.18788523387551315,0.0,0.33333333333333337,1.6403746146465146,0.7278313134067559,8.376313159966429,0.8022743712591742
cont,rastrigin,rastrigin_d10_i001,10,5000,DE,2,65.85796131338466,0.24271725207219297,0.0,0.33333333333333337,1.8026192989864298,0.7808766508975273,9.03133100610038,0.8691698110119342
cont,rastrigin,rastrigin_d10_i001,10,5000,ES,0,75.86131488487798,0.0,0.0,1.0,2.198388273582854,0.999999999999545,7.7398222816120725,0.9999999999998708
cont,rastrigin,rastrigin_d10_i001,10,5000,ES,1,91.41135860665602,0.0,0.0,1.0,1.868879171970335,0.9999999999994649,8.107084569718307,0.9999999999998767
cont,rastrigin,rastrigin_d10_i001,10,5000,ES,2,101.55451363032581,0.0,0.0,1.0,2.045569245133416,0.9999999999995111,6.589376766976798,0.9999999999998482
cont,rastrigin,rastrigin_d10_i001,10,5000,GWO,0,82.86445750012889,-0.9480516120475321,0.0,0.6666666666666667,0.6982580246554444,0.26152246265231,3.7170185901065547,0.33323583460779355
cont,rastrigin,rastrigin_d10_i001,10,5000,GWO,1,63.01795194812634,0.36956357377499627,0.0,0.0,0.6883994920418679,0.309442592820023,3.5916219851018334,0.4127082002590284
cont,rastrigin,rastrigin_d10_i001,10,5000,GWO,2,57.99415114043836,-0.256419541215721,0.0,0.33333333333333337,0.6667968566801005,0.44946935960168827,3.509381875331965,0.5764851305358651
cont,rastrigin,rastrigin_d10_i001,10,5000,WOA,0,28.805106155864607,0.4935892942873434,0.0,0.0,2.1018884863889165,0.6772829402296208,7.261995226070242,0.7929175677291759
cont,rastrigin,rastrigin_d10_i001,10,5000,WOA,1,47.685633533144525,0.45850660442623903,0.0,0.0,2.096087680750371,0.9518814016669294,7.498573546416474,0.9978462857272513
cont,rastrigin,rastrigin_d10_i001,10,5000,WOA,2,63.24100842992303,0.24031234180458216,0.0,0.0,2.024865581377077,0.6640152258882894,8.246597165312714,0.5611984765129274
cont,rastrigin,rastrigin_d10_i002,10,5000,PSO,0,31.746479689679674,0.31891886691504945,0.0,0.0,0.7985437633711172,0.5225544236961236,2.599570204346382,0.5071995595326412
cont,rastrigin,rastrigin_d10_i002,10,5000,PSO,1,25.299159206708396,0.3046801738387249,0.0,0.0,0.5831397271067946,0.4700411859164288,1.7765421189532908,0.3650546702939989
cont,rastrigin,rastrigin_d10_i002,10,5000,PSO,2,18.35168848639755,0.37417498335396576,0.0,0.0,0.7157233125530083,0.5167520854694042,2.3224620030978684,0.3414427667053473
cont,rastrigin,rastrigin_d10_i002,10,5000,DE,0,54.99984301499925,0.30291830281724996,0.0,0.0,1.6690963672543395,0.6533133130165236,7.986898650307353,0.6868221905591825
cont,rastrigin,rastrigin_d10_i002,10,5000,DE,1,60.93773787179967,0.23299693313084707,0.0,0.33333333333333337,1.681809897104453,0.7661277552260224,8.59453994406068,0.7550753505370725
cont,rastrigin,rastrigin_d10_i002,10,5000,DE,2,72.61071555148482,0.0,0.0,1.0,1.731673375947849,0.8600125902991267,8.675067789218899,0.860233163741484
cont,rastrigin,rastrigin_d10_i002,10,5000,ES,0,124.23046775555517,0.0,0.0,1.0,1.9903997207578565,0.9999999999994975,7.330427987296065,0.9999999999998636
cont,rastrigin,rastrigin_d10_i002,10,5000,ES,1,93.55667855905503,0.0,0.0,1.0,2.1028654196787744,0.9999999999995244,7.810338696053558,0.999999999999872
cont,rastrigin,rastrigin_d10_i002,10,5000,ES,2,123.46963451861463,0.0,0.0,1.0,1.9329889468259203,0.9999999999994826,7.615034666289381,0.9999999999998687
cont,rastrigin,rastrigin_d10_i002,10,5000,GWO,0,62.32774963187452,1.6748243417565518,0.0,0.33333333333333337,0.6460338698065954,0.46102017966317543,3.3291596645119763,0.5796903045794769
cont,rastrigin,rastrigin_d10_i002,10,5000,GWO,1,80.4480350762471,0.966745501933505,0.0,0.6666666666666667,0.5225719553498758,0.42591052326956336,3.056405544924892,0.5318443644250681
cont,rastrigin,rastrigin_d10_i002,10,5000,GWO,2,54.857673139516336,0.9491745718919673,0.0,0.33333333333333337,0.6399975531551261,0.40106705385263025,3.493542595976306,0.46052435510011386
cont,rastrigin,rastrigin_d10_i002,10,5000,WOA,0,62.775281369779435,0.3765108448812592,0.0,0.0,2.311923019097635,0.702985628018746,8.224270854032866,0.6733407928897016
cont,rastrigin,rastrigin_d10_i002,10,5000,WOA,1,93.6466259319706,0.3921437421263975,0.0,0.0,1.9542746562691737,0.7145658220199658,7.8527718931075965,0.7486590698840074
cont,rastrigin,rastrigin_d10_i002,10,5000,WOA,2,59.44365197422093,0.265656123987685,0.0,0.0,2.313937491889938,0.9421274046897019,8.207312173339494,0.9429428667035928
cont,rastrigin,rastrigin_d10_i003,10,5000,PSO,0,33.776775779022856,0.28491534795687234,0.0,0.0,0.6321862964873655,0.4132526638108704,2.110149459813247,0.2985888864019157
cont,rastrigin,rastrigin_d10_i003,10,5000,PSO,1,30.202077821992148,0.5286557502965658,0.0,0.0,0.7640105714051286,0.48441007598466285,2.2020510329149707,0.3755247554344965
cont,rastrigin,rastrigin_d10_i003,10,5000,PSO,2,26.09876896475491,0.30668254692507935,0.0,0.33333333333333337,0.7549993101103468,0.7183416976516496,2.3988410080142,0.6821684167348692
cont,rastrigin,rastrigin_d10_i003,10,5000,DE,0,59.59605413950341,0.20764798886712238,0.0,0.33333333333333337,1.7431533011241198,0.8387154336490916,8.689012590386497,0.8510406578203576
cont,rastrigin,rastrigin_d10_i003,10,5000,DE,1,59.62335198147744,0.16666666666666005,0.0,0.6666666666666667,1.6856266332878005,0.8084559614438604,8.664125508692086,0.8474528435012523
cont,rastrigin,rastrigin_d10_i003,10,5000,DE,2,67.43288620127583,0.3341692035662649,0.0,0.33333333333333337,1.7636914276206492,0.7437851163357739,9.229438548399544,0.7659744197203721
cont,rastrigin,rastrigin_d10_i003,10,5000,ES,0,119.11227532521153,0.0,0.0,1.0,2.070574160015096,0.999999999999517,7.674239197655143,0.9999999999998697
cont,rastrigin,rastrigin_d10_i003,10,5000,ES,1,95.18899877956163,0.0,0.0,1.0,1.9201616328571092,0.9999999999994792,7.288549571209044,0.9999999999998628
cont,rastrigin,rastrigin_d10_i003,10,5000,ES,2,114.99539149841648,0.0,0.0,1.0,1.8641629108145217,0.9999999999994635,7.266472907144477,0.9999999999998623
cont,rastrigin,rastrigin_d10_i003,10,5000,GWO,0,81.65016597491152,0.1717482644217322,0.0,0.6666666666666667,0.6461527464713055,0.37787032394750086,3.4843804252688524,0.4497011615618304
cont,rastrigin,rastrigin_d10_i003,10,5000,GWO,1,82.15513310151215,-1.1106519574852902,0.0,0.33333333333333337,0.7118766726048907,0.4391375681493037,3.5947224029028773,0.4823095471714594
cont,rastrigin,rastrigin_d10_i003,10,5000,GWO,2,61.2495185201015,0.5679463816802872,0.0,0.33333333333333337,0.6379909599885983,0.5478346917401422,3.426843930137053,0.6824409430118643
cont,rastrigin,rastrigin_d10_i003,10,5000,WOA,0,59.72640973800498,0.36179329197240473,0.0,0.0,1.9959009017096025,0.7215978298463465,8.003786268095826,0.8133856585812274
cont,rastrigin,rastrigin_d10_i003,10,5000,WOA,1,37.1255460813339,0.3872568813357509,0.0,0.0,1.8442753521143722,0.682234088573933,6.691825752836486,0.6401599784922608
cont,rastrigin,rastrigin_d10_i003,10,5000,WOA,2,30.552671536575218,0.5389764723639375,0.0,0.0,1.934958182105311,0.8709268363920565,7.569926646489988,0.950989267686554
cont,rastrigin,rastrigin_d10_i004,10,5000,PSO,0,57.76059943370985,0.24193284371653656,0.0,0.0,0.655911990972646,0.7360298459359972,1.8670513376494822,0.5473326444297802
cont,rastrigin,rastrigin_d10_i004,10,5000,PSO,1,17.442052704162506,0.4133275008050545,0.0,0.0,0.5463791889637509,0.38636052726663267,1.6730986734231292,0.25881295414239985
cont,rastrigin,rastrigin_d10_i004,10,5000,PSO,2,34.58552611442623,0.371867102555848,0.0,0.0,0.6411017087979297,0.4900516559724943,2.3023864676430508,0.4414866845982959
cont,rastrigin,rastrigin_d10_i004,10,5000,DE,0,58.395919132607695,0.4795746715047475,0.0,0.0,1.8684731754353736,0.7119127251321302,9.843108838179171,0.730441205465913
cont,rastrigin,rastrigin_d10_i004,10,5000,DE,1,75.93638363462591,0.16666666666665184,0.0,0.6666666666666667,1.9422461630209864,0.8088728565013796,9.781895661509921,0.8238131674692151
cont,rastrigin,rastrigin_d10_i004,10,5000,DE,2,71.55159712332517,0.4508205669057318,0.0,0.0,1.9667046596623554,0.7009184527298011,9.49410426166931,0.6586826529314224
cont,rastrigin,rastrigin_d10_i004,10,5000,ES,0,107.13915804192978,0.0,0.0,1.0,2.0848435556930456,0.9999999999995203,7.741983313073966,0.9999999999998708
cont,rastrigin,rastrigin_d10_i004,10,5000,ES,1,85.30751285231754,0.0,0.0,1.0,1.8090161089136132,0.9999999999994471,6.942230029930482,0.9999999999998559
cont,rastrigin,rastrigin_d10_i004,10,5000,ES,2,148.9286269820127,0.0,0.0,1.0,2.337844101246529,0.9999999999995722,7.559415927994003,0.9999999999998677
cont,rastrigin,rastrigin_d10_i004,10,5000,GWO,0,62.24627579327395,0.41335630484514163,0.0,0.33333333333333337,0.6073762543183719,0.4558008360641463,3.1539705315096644,0.43159384900187336
cont,rastrigin,rastrigin_d10_i004,10,5000,GWO,1,52.63965363528506,1.2693543406087997,0.0,0.33333333333333337,0.4864459284903521,0.24775148699111313,2.5554768705979907,0.2844600480629223
cont,rastrigin,rastrigin_d10_i004,10,5000,GWO,2,78.5292701218595,-7.650102616657439,0.0,0.33333333333333337,0.6239134277925626,0.3149074954158168,3.3658527317557794,0.475486646679032
cont,rastrigin,rastrigin_d10_i004,10,5000,WOA,0,50.10160665928656,0.5180192900344902,0.0,0.0,1.8569990813464288,0.9595811886986386,6.939356858169742,1.142212894474339
cont,rastrigin,rastrigin_d10_i004,10,5000,WOA,1,91.57216391145661,0.473953256948332,0.0,0.0,1.9146910419996885,0.5576809059323008,7.18031826277613,0.5865422068091259
cont,rastrigin,rastrigin_d10_i004,10,5000,WOA,2,82.32013788620861,0.3849244547272356,0.0,0.0,1.7744811052198792,0.8750056312373041,7.32827451596153,0.8056028269344466
cont,ackley,ackley_d5_i000,5,2500,PSO,0,0.002671788876853487,0.19308481892677964,0.0,0.0,0.2306421020532024,0.05187138485061672,0.5304359704662527,0.027178795972449266
cont,ackley,ackley_d5_i000,5,2500,PSO,1,0.002416992549669761,0.18341964645607994,0.0,0.0,0.29337329567080833,0.07932239767529675,0.6856468781798748,0.04170058689232923
cont,ackley,ackley_d5_i000,5,2500,PSO,2,0.0021321008433692334,0.22329247204362168,0.0,0.0,0.2717753820437622,0.019813917891678492,0.7276808863805527,0.025177296892999843
cont,ackley,ackley_d5_i000,5,2500,DE,0,0.12838827154298516,0.3418800879716551,0.0,0.0,0.429848211558541,0.05100443610755151,1.6161115376225677,0.059545006261105836
cont,ackley,ackley_d5_i000,5,2500,DE,1,0.2177812440009359,0.35229499540835785,0.0,0.0,0.5117071155456767,0.0550212941391826,1.9902071001688082,0.052323545194172566
cont,ackley,ackley_d5_i000,5,2500,DE,2,0.2519715054706677,0.3316583272947183,0.0,0.0,0.42049933370497383,0.07155303480414192,1.5351180646030804,0.0784642017212909
cont,ackley,ackley_d5_i000,5,2500,ES,0,5.17942358651317,0.0,0.0,1.0,1.4957968555540155,0.9999999999993314,5.345098903952502,0.9999999999998129
cont,ackley,ackley_d5_i000,5,2500,ES,1,5.607909195299371,0.0,0.0,1.0,1.7718936929244253,0.9999999999994356,5.089584329690351,0.9999999999998035
cont,ackley,ackley_d5_i000,5,2500,ES,2,4.327069501891753,0.0,0.0,1.0,1.521675917932973,0.9999999999993427,5.6448400056101224,0.9999999999998228
cont,ackley,ackley_d5_i000,5,2500,GWO,0,0.1714612562896929,0.4869271276060722,0.0,0.0,0.3436983342557483,0.2615692647478795,1.2047983673998475,0.21620799205460264
cont,ackley,ackley_d5_i000,5,2500,GWO,1,0.25700349262705346,0.4200383521984172,0.0,0.0,0.37961362877658594,0.2417582681202833,1.2109400788111322,0.24810121179847985
cont,ackley,ackley_d5_i000,5,2500,GWO,2,0.43709369734235226,0.4968595190217189,0.0,0.33333333333333337,0.37829881645352614,0.18412841488078596,1.2903293563673792,0.19523359928001838
cont,ackley,ackley_d5_i000,5,2500,WOA,0,0.06669712041350495,0.3637499225919198,0.0,0.0,1.1469559484572476,0.10430732188289449,2.9779534088473145,0.10289035253133245
cont,ackley,ackley_d5_i000,5,2500,WOA,1,0.10961971751599053,0.7506584615195712,0.0,0.0,1.57298630289348,0.08862519471412122,3.6055517002537707,0.11737148792665256
cont,ackley,ackley_d5_i000,5,2500,WOA,2,0.2723771608609913,0.40806983825468224,0.0,0.0,1.2472516127311895,0.10539962162648057,2.920665591468223,0.13934635155002392
cont,ackley,ackley_d5_i001,5,2500,PSO,0,0.9765432146387458,0.16700702380043597,0.0,0.0,0.11557933076895147,0.061426802455010185,0.3324560678730001,0.032127627205784985
cont,ackley,ackley_d5_i001,5,2500,PSO,1,1.673974601206258,0.43688973632089007,0.0,0.0,0.2489101951102782,0.6655246949137583,0.6710772410258146,0.4138008821458754
cont,ackley,ackley_d5_i001,5,2500,PSO,2,1.9484128725858167,0.16780362748740307,0.0,0.0,0.15550525953213834,0.0605051747514165,0.3352398893692834,0.014167380792751063
cont,ackley,ackley_d5_i001,5,2500,DE,0,0.03877541318907207,0.2490124382387668,0.0,0.0,0.22345211301914134,0.023769145647508677,0.8782672017004868,0.019903740750767472
cont,ackley,ackley_d5_i001,5,2500,DE,1,0.14979681782621457,0.36399336674932375,0.0,0.0,0.3947724230579707,0.07196671386149542,1.3743126574637516,0.09331486266705206
cont,ackley,ackley_d5_i001,5,2500,DE,2,0.02482099755562972,0.259517743364418,0.0,0.0,0.1503388551056407,0.03426094054916181,0.532008217619309,0.03977343335924199
cont,ackley,ackley_d5_i001,5,2500,ES,0,4.159830194258145,0.0,0.0,1.0,0.8634653610954489,0.9999999999988419,4.305067681424378,0.9999999999997677
cont,ackley,ackley_d5_i001,5,2500,ES,1,2.4168058804552968,0.0,0.0,1.0,0.8720642581943139,0.9999999999988534,4.83540867006486,0.9999999999997932
cont,ackley,ackley_d5_i001,5,2500,ES,2,4.478064975450891,0.0,0.0,1.0,1.0064715285513142,0.9999999999990064,4.7905256340507885,0.9999999999997913
cont,ackley,ackley_d5_i001,5,2500,GWO,0,0.843937695370752,0.604313190760611,0.0,0.0,0.6014232090511419,0.2540404697589599,1.8374265818431355,0.2909332452779603
cont,ackley,ackley_d5_i001,5,2500,GWO,1,0.8125202507983151,0.6833859946561476,0.0,0.0,0.5534027602185235,0.255559312833435,1.6749579658891285,0.31658062382102475
cont,ackley,ackley_d5_i001,5,2500,GWO,2,1.2154961549712238,0.5945815254212938,0.0,0.33333333333333337,0.5459767249946569,0.3032878223044121,1.7999222838048117,0.31453149191334434
cont,ackley,ackley_d5_i001,5,2500,WOA,0,0.16329121925186074,0.2679108718232366,0.0,0.0,1.3550435983160252,0.1641036972229226,3.6425642192149623,0.16014541149660047
cont,ackley,ackley_d5_i001,5,2500,WOA,1,0.3146481511924226,0.3527427188076962,0.0,0.0,1.182720466323473,0.17515804611662347,3.438499495689398,0.16477903183301462
cont,ackley,ackley_d5_i001,5,2500,WOA,2,0.26389248811572275,0.5620199443370933,0.0,0.0,1.4765640083225091,0.13600329148114004,3.4024526393370293,0.19083473710198165
cont,ackley,ackley_d5_i002,5,2500,PSO,0,0.002727564926495507,0.21810811127831026,0.0,0.0,0.21843752235641875,0.025922899472388475,0.4871986596150962,0.014030757733290529
cont,ackley,ackley_d5_i002,5,2500,PSO,1,0.0032103668524894324,0.1986493866606036,0.0,0.0,0.21124705201287344,0.013503578825869507,0.4904220140273603,0.01687781959636484
cont,ackley,ackley_d5_i002,5,2500,PSO,2,0.0036233043752713634,0.1789660112759126,0.0,0.0,0.24299761332169237,0.0283845108765495,0.6580834151933042,0.02067856450074246
cont,ackley,ackley_d5_i002,5,2500,DE,0,0.1036718375061274,0.47901862227719366,0.0,0.0,0.4219853811029551,0.053553795762371556,1.5204944765908726,0.05833980093510177
cont,ackley,ackley_d5_i002,5,2500,DE,1,0.25352143573372077,0.4053474494935517,0.0,0.0,0.3594899046869167,0.11293443620967866,1.3406589493318035,0.13922033548715076
cont,ackley,ackley_d5_i002,5,2500,DE,2,0.30025602745509916,0.5066272839170806,0.0,0.0,0.4630381956804316,0.12861164725557137,1.6379715802746402,0.14861877965827863
cont,ackley,ackley_d5_i002,5,2500,ES,0,5.775400957302924,0.0,0.0,1.0,1.5105502343653712,0.999999999999338,5.061923314185838,0.9999999999998024
cont,ackley,ackley_d5_i002,5,2500,ES,1,4.065607007083688,0.0,0.0,1.0,1.4625562082220536,0.9999999999993162,5.546563499041112,0.9999999999998197
cont,ackley,ackley_d5_i002,5,2500,ES,2,6.101055499977779,0.0,0.0,1.0,1.5015627799545541,0.999999999999334,5.030813510544415,0.9999999999998012
cont,ackley,ackley_d5_i002,5,2500,GWO,0,0.6980943851194614,0.779843202181159,0.0,0.0,0.512186799916592,0.26114627390154727,1.7349509766878486,0.25469896127132696
cont,ackley,ackley_d5_i002,5,2500,GWO,1,0.8763944260020087,0.4896320878494696,0.0,0.0,0.5335413113990608,0.1941316877378942,1.788692427675247,0.19895500239238648
cont,ackley,ackley_d5_i002,5,2500,GWO,2,0.5378749983417142,0.6133095462549877,0.0,0.0,0.5553228899622075,0.1959610011546097,1.8133380347222647,0.2162465158201572
cont,ackley,ackley_d5_i002,5,2500,WOA,0,0.47229771552806854,0.500806491082544,0.0,0.0,1.248712719773551,0.18436817132052652,3.362686224641717,0.14539458733716848
cont,ackley,ackley_d5_i002,5,2500,WOA,1,1.6581384679499362,0.5198384457082331,0.0,0.0,1.1296516501823222,0.17714322098739307,2.9909101411834875,0.18545410029492473
cont,ackley,ackley_d5_i002,5,2500,WOA,2,2.327964654523733,0.23278376562742356,0.0,0.0,1.4918877370991768,0.16052476597505705,3.5558052786237058,0.19220582229809283
cont,ackley,ackley_d5_i003,5,2500,PSO,0,0.0009719531911192014,0.19411409005555996,0.0,0.0,0.20410619490055015,0.008027370014054928,0.49751279168861995,0.007801535305835863
cont,ackley,ackley_d5_i003,5,2500,PSO,1,0.011457685237062254,0.21249939643640167,0.0,0.0,0.32908871375925547,0.03434850564162427,0.7673348825306143,0.036201781778350164
cont,ackley,ackley_d5_i003,5,2500,PSO,2,0.0026170194211769804,0.2132191449770377,0.0,0.0,0.1947265014020076,0.014932773806667143,0.507629865505394,0.01547625500756231
cont,ackley,ackley_d5_i003,5,2500,DE,0,0.19519763472403584,0.3467829298310622,0.0,0.0,0.40100208841838797,0.06780070270182671,1.4693544172691462,0.07240608075135538
cont,ackley,ackley_d5_i003,5,2500,DE,1,0.30555377947421336,0.30703180892655124,0.0,0.0,0.45522315563613713,0.08284924985518669,1.6745008687765468,0.09229065631221992
cont,ackley,ackley_d5_i003,5,2500,DE,2,0.28592207358821087,0.404041034115309,0.0,0.0,0.37053214887564456,0.09548454559957212,1.4119366087805867,0.11989372493715224
cont,ackley,ackley_d5_i003,5,2500,ES,0,5.118640528264056,0.0,0.0,1.0,1.4494281436538556,0.99999999999931,4.927765149978962,0.999999999999797
cont,ackley,ackley_d5_i003,5,2500,ES,1,4.581091252010694,0.0,0.0,1.0,1.378100033233218,0.9999999999992742,5.394387249812527,0.9999999999998146
cont,ackley,ackley_d5_i003,5,2500,ES,2,4.7205962009085525,0.0,0.0,1.0,1.4346089445598835,0.9999999999993029,6.098470626033708,0.999999999999836
cont,ackley,ackley_d5_i003,5,2500,GWO,0,0.2899826857295129,0.529877640057194,0.0,0.33333333333333337,0.330478678855381,0.22142804364860222,1.2876848711868794,0.24206465626249
cont,ackley,ackley_d5_i003,5,2500,GWO,1,0.5341786531261801,0.6145659365538764,0.0,0.33333333333333337,0.344159587231813,0.25445485502013054,1.308533964822778,0.24748896986217184
cont,ackley,ackley_d5_i003,5,2500,GWO,2,0.19549728750366002,0.5609265064932785,0.0,0.0,0.33500199319882723,0.2653398542482374,1.2320448328513236,0.24077259882285262
cont,ackley,ackley_d5_i003,5,2500,WOA,0,0.07255766284331644,0.27109173119709007,0.0,0.0,1.0837560141729872,0.15223088388636458,2.7475236709177637,0.1299566238550784
cont,ackley,ackley_d5_i003,5,2500,WOA,1,2.3267111308471695,0.2926896407759082,0.0,0.0,1.326043876292682,0.07365217584102399,3.4535081429385555,0.11846222856899884
cont,ackley,ackley_d5_i003,5,2500,WOA,2,2.348668416183387,0.2755120389672937,0.0,0.0,1.1832186676943632,0.10097844489876572,2.9743288955223206,0.16860726546131977
cont,ackley,ackley_d5_i004,5,2500,PSO,0,0.448252765840611,0.17362441091126804,0.0,0.0,0.1762942926736368,0.032296629588311546,0.43257766130604347,0.02005248319770984
cont,ackley,ackley_d5_i004,5,2500,PSO,1,0.008380522760156328,0.43237894940780097,0.0,0.0,0.12569440905535234,0.0690773480921791,0.364765700628742,0.06176346532679137
cont,ackley,ackley_d5_i004,5,2500,PSO,2,0.4482667085517069,0.17055483998480828,0.0,0.0,0.17121032412477155,0.011916431027766353,0.4811050836200202,0.007618623413670288
cont,ackley,ackley_d5_i004,5,2500,DE,0,0.0384379938616175,0.3703668597491124,0.0,0.0,0.23747206967155574,0.030651072396123646,0.9199295606947989,0.03195487014365011
cont,ackley,ackley_d5_i004,5,2500,DE,1,0.13766554764697192,0.39867383098646564,0.0,0.0,0.27316630441162465,0.07471305810133512,1.0402367337391447,0.07161677414263405
cont,ackley,ackley_d5_i004,5,2500,DE,2,0.08387662776964833,0.33994567777543966,0.0,0.0,0.2524935726636692,0.0513588536618336,1.0086513272991857,0.04716856316516331
cont,ackley,ackley_d5_i004,5,2500,ES,0,4.4202929731363945,0.0,0.0,1.0,0.828775606633069,0.9999999999987934,4.743604628845327,0.9999999999997892
cont,ackley,ackley_d5_i004,5,2500,ES,1,5.181880776891308,0.0,0.0,1.0,1.1774671492810413,0.9999999999991507,5.001085922972709,0.9999999999998
cont,ackley,ackley_d5_i004,5,2500,ES,2,4.369082241442499,0.0,0.0,1.0,1.230321493648656,0.9999999999991871,5.182822714555296,0.999999999999807
cont,ackley,ackley_d5_i004,5,2500,GWO,0,0.6173074046112572,0.48105409016348166,0.0,0.0,0.5800065936768948,0.3081389763520374,1.9241344195989638,0.3288014041714976
cont,ackley,ackley_d5_i004,5,2500,GWO,1,1.4925459371020122,0.2806354371563471,0.0,0.33333333333333337,0.5754412470718606,0.2090840214948663,1.8238110805074434,0.30018795340385074
cont,ackley,ackley_d5_i004,5,2500,GWO,2,1.2916959732942392,0.2541448224601879,0.0,0.33333333333333337,0.5439242996619141,0.2553752748969727,1.8031175793278174,0.27347091620293035
cont,ackley,ackley_d5_i004,5,2500,WOA,0,0.19224438576638692,0.4481350107783757,0.0,0.0,1.1465032656160765,0.17341560364281008,3.2567908980942057,0.2054002350413577
cont,ackley,ackley_d5_i004,5,2500,WOA,1,1.6542482188170564,0.23359380416749928,0.0,0.0,1.381947933349455,0.1849080814403265,3.383932143850013,0.25752774885700014
cont,ackley,ackley_d5_i004,5,2500,WOA,2,1.7179641913502128,0.3439768625751118,0.0,0.0,1.1583057415804607,0.2224850767414481,3.1479461277367173,0.22461944914842874
cont,ackley,ackley_d10_i000,10,5000,PSO,0,0.9229071532998749,0.41399027191712573,0.0,0.0,0.28331162143552324,0.18276222036851866,1.163907453660532,0.1490146188547878
cont,ackley,ackley_d10_i000,10,5000,PSO,1,4.089882443901725,0.2541023162844331,0.0,0.0,0.2415385088001942,0.24795082363133455,0.8463890781365115,0.11314987117292105
cont,ackley,ackley_d10_i000,10,5000,PSO,2,1.161212459833195,0.24030506494645693,0.0,0.0,0.32418028983259056,0.13372314444417163,1.204536354719589,0.07650879014646543
cont,ackley,ackley_d10_i000,10,5000,DE,0,2.811722937758898,0.4546216411413301,0.0,0.0,0.856111311254475,0.2771874157295256,4.719938648852153,0.26780273036719393
cont,ackley,ackley_d10_i000,10,5000,DE,1,2.9654580040760092,0.3419945305334987,0.0,0.0,0.981629824268128,0.3284035825991852,5.14362362126861,0.3456612854363228
cont,ackley,ackley_d10_i000,10,5000,DE,2,2.439783881682829,0.3968082803522342,0.0,0.0,0.973667890208655,0.2675307809214839,5.312214016970101,0.29751901882363607
cont,ackley,ackley_d10_i000,10,5000,ES,0,7.237298014400226,0.0,0.0,1.0,1.8072528513732256,0.9999999999994467,8.127389462261963,0.999999999999877
cont,ackley,ackley_d10_i000,10,5000,ES,1,8.141776306202129,0.0,0.0,1.0,1.9076790176329514,0.9999999999994758,7.4011898195743075,0.9999999999998649
cont,ackley,ackley_d10_i000,10,5000,ES,2,6.821817475012567,0.0,0.0,1.0,1.9775042169426569,0.9999999999994943,8.012125943620072,0.9999999999998752
cont,ackley,ackley_d10_i000,10,5000,GWO,0,3.223888009607841,-0.05932474669430615,0.0,0.33333333333333337,0.694022542529246,0.6281457203717161,3.4907025464560273,0.5430441177666664
cont,ackley,ackley_d10_i000,10,5000,GWO,1,2.9481469959207804,0.04451256127228685,0.0,0.33333333333333337,0.6698645395218347,0.6161537533192297,3.67269991816474,0.6407846377369841
cont,ackley,ackley_d10_i000,10,5000,GWO,2,2.4628985729859747,0.7337009822077653,0.0,0.33333333333333337,0.654549066764569,0.5446760542531554,3.1466340759544282,0.6401498690005264
cont,ackley,ackley_d10_i000,10,5000,WOA,0,3.283731221271737,0.5915560129116969,0.0,0.0,2.272708061594428,0.525891950457878,8.923670604447302,0.5657139933446379
cont,ackley,ackley_d10_i000,10,5000,WOA,1,2.883491678371908,0.3692653894135451,0.0,0.0,1.9736335336618291,0.5963860599323481,7.767461736723478,0.6121998783392768
cont,ackley,ackley_d10_i000,10,5000,WOA,2,3.6591762183715635,0.6590907663043094,0.0,0.0,2.2948958681169445,0.8427833478804722,8.434052779317618,0.7081172552258048
cont,ackley,ackley_d10_i001,10,5000,PSO,0,0.028023669470787826,0.29107355900703163,0.0,0.0,0.2770896380090834,0.07364443401379331,0.9826854079099369,0.06453356678294452
cont,ackley,ackley_d10_i001,10,5000,PSO,1,3.346199418909738,0.2677643205080858,0.0,0.0,0.2663288157840822,0.07142459976390754,1.126197333050605,0.0665925479175783
cont,ackley,ackley_d10_i001,10,5000,PSO,2,2.9305127620003018,0.2553747852846943,0.0,0.0,0.3114892428382677,0.2057513437926864,1.0608440740857286,0.10940630029884041
cont,ackley,ackley_d10_i001,10,5000,DE,0,2.9293608269984373,0.33930373359316585,0.0,0.0,0.8467772528596926,0.36063337808519935,4.371681938289634,0.4059404349967478
cont,ackley,ackley_d10_i001,10,5000,DE,1,2.6751600172575185,0.35712932277308834,0.0,0.0,0.8756226621668791,0.3420249873579845,4.973031973044597,0.3283105655312602
cont,ackley,ackley_d10_i001,10,5000,DE,2,2.9556242039837,0.27380598245370835,0.0,0.0,0.9784719170754936,0.35834263116393406,5.048999902268834,0.3474733752749121
cont,ackley,ackley_d10_i001,10,5000,ES,0,7.450385716977541,0.0,0.0,1.0,2.277389854719587,0.9999999999995609,7.787970494315132,0.9999999999998715
cont,ackley,ackley_d10_i001,10,5000,ES,1,6.716252596793268,0.0,0.0,1.0,1.8275558360218997,0.9999999999994528,7.373075062854005,0.9999999999998643
cont,ackley,ackley_d10_i001,10,5000,ES,2,6.95224938966463,0.0,0.0,1.0,1.8397083548307855,0.9999999999994564,7.303111574394268,0.9999999999998631
cont,ackley,ackley_d10_i001,10,5000,GWO,0,2.927001475109311,0.8366263002233045,0.0,0.33333333333333337,0.713710190265796,0.5581857429563628,3.6184756577376946,0.5243450274647115
cont,ackley,ackley_d10_i001,10,5000,GWO,1,2.459888147389336,0.8064013565302809,0.0,0.33333333333333337,0.667326701235336,0.5575940516284152,3.33775255128272,0.6578835155253584
cont,ackley,ackley_d10_i001,10,5000,GWO,2,2.363807811003966,0.6339325914491166,0.0,0.33333333333333337,0.6987677101528822,0.5954168684023144,3.371978413603814,0.6615341826957
cont,ackley,ackley_d10_i001,10,5000,WOA,0,2.4485839409409285,0.36444544264762874,0.0,0.0,2.0955503249225393,0.6749751468537837,8.291054895421897,0.7231368312285298
cont,ackley,ackley_d10_i001,10,5000,WOA,1,3.396255411663429,0.5190478777765717,0.0,0.0,2.084791999331234,0.6222960626722456,8.47984940206741,0.744560232837698
cont,ackley,ackley_d10_i001,10,5000,WOA,2,3.0066993430222664,0.38826517026802343,0.0,0.0,1.9467383509986085,0.6034830073355237,7.1974846550585445,0.6193755051904747
cont,ackley,ackley_d10_i002,10,5000,PSO,0,2.182234216170223,0.34738854707341316,0.0,0.0,0.3187915041141361,0.05342420255270503,1.1897839256030587,0.0585307652873498
cont,ackley,ackley_d10_i002,10,5000,PSO,1,2.0367313375170473,0.20821750131396674,0.0,0.0,0.3111867141781226,0.30862672037095995,1.1792012503419533,0.16387476004384122
cont,ackley,ackley_d10_i002,10,5000,PSO,2,2.057427596841873,0.26804123544545155,0.0,0.0,0.26396526960337446,0.06839586568466,1.0470453124935892,0.04743487935423142
cont,ackley,ackley_d10_i002,10,5000,DE,0,2.6051415560578737,0.34696609046187676,0.0,0.0,0.7977983792126759,0.3058443321798385,4.128847497892462,0.2999290538151278
cont,ackley,ackley_d10_i002,10,5000,DE,1,3.4031194654928396,0.3363670749279636,0.0,0.0,1.0985250494228753,0.4077810265138335,5.625328118778286,0.43009631854418906
cont,ackley,ackley_d10_i002,10,5000,DE,2,2.6963940441839793,0.3231908334520021,0.0,0.0,0.922290357149789,0.33799086866096084,4.9268281505623115,0.3385214712138237
cont,ackley,ackley_d10_i002,10,5000,ES,0,7.275071084723324,0.0,0.0,1.0,1.900491799966397,0.9999999999994738,7.954579961579031,0.9999999999998743
cont,ackley,ackley_d10_i002,10,5000,ES,1,7.149464152678732,0.0,0.0,1.0,1.8785037539210172,0.9999999999994676,7.35217763377432,0.999999999999864
cont,ackley,ackley_d10_i002,10,5000,ES,2,6.67026512818164,0.0,0.0,1.0,1.7388486649148773,0.9999999999994249,7.310256811333542,0.9999999999998632
cont,ackley,ackley_d10_i002,10,5000,GWO,0,2.8176127266867046,0.5326776886674767,0.0,0.0,0.7288078527309297,0.5948664225446307,3.8091550314730167,0.6042924286492664
cont,ackley,ackley_d10_i002,10,5000,GWO,1,3.47036010297396,0.0024835262977326578,0.0,0.33333333333333337,0.7104153040659336,0.6761865449979413,3.49894782707635,0.7598514809180138
cont,ackley,ackley_d10_i002,10,5000,GWO,2,3.3514012146622467,0.4945647240595687,0.0,0.0,0.7392152746452234,0.5838325792211744,3.700093268474766,0.5859892251659373
cont,ackley,ackley_d10_i002,10,5000,WOA,0,4.1382683066628125,0.34257126180410147,0.0,0.0,2.112914244203197,0.8894980327777559,7.858002815007637,0.7907562996742096
cont,ackley,ackley_d10_i002,10,5000,WOA,1,3.2826223435949946,0.34414429960207643,0.0,0.0,1.9656964097109446,0.6320172221295309,7.654387962906326,0.7802917129404624
cont,ackley,ackley_d10_i002,10,5000,WOA,2,2.4882390707929614,0.2781742498401528,0.0,0.0,2.025450566101958,0.8723970416757537,7.824182699134342,0.6152486522236044
cont,ackley,ackley_d10_i003,10,5000,PSO,0,2.5941320503034153,0.29303175344406013,0.0,0.0,0.2721531357978511,0.17725024571043782,0.9899711119038329,0.133532179210693
cont,ackley,ackley_d10_i003,10,5000,PSO,1,3.4346942760315398,0.2321643012226676,0.0,0.0,0.23520291873021312,0.27555696400535945,0.8652839860049966,0.13426176188960845
cont,ackley,ackley_d10_i003,10,5000,PSO,2,2.753719466925077,0.40094740242370397,0.0,0.0,0.2947260200232097,0.22206702648864882,1.3752069964788414,0.257158342605038
cont,ackley,ackley_d10_i003,10,5000,DE,0,2.3910439246833524,0.3433549658505994,0.0,0.33333333333333337,0.8628298728239464,0.2636641052267966,4.553739660614524,0.26720079150140863
cont,ackley,ackley_d10_i003,10,5000,DE,1,2.9435237760575217,0.33238449991911695,0.0,0.0,0.8817792297196512,0.4027529189637049,4.712033438076072,0.41290727310901737
cont,ackley,ackley_d10_i003,10,5000,DE,2,2.521529825877416,0.32250626769957463,0.0,0.0,0.9014845825672828,0.3575436518700411,4.662523192522342,0.38259315489445456
cont,ackley,ackley_d10_i003,10,5000,ES,0,5.7859691790114205,0.0,0.0,1.0,1.4319115942712242,0.9999999999993016,7.516605826631162,0.999999999999867
cont,ackley,ackley_d10_i003,10,5000,ES,1,7.038867991333223,0.0,0.0,1.0,2.0553498250709987,0.9999999999995134,8.740689601837541,0.9999999999998855
cont,ackley,ackley_d10_i003,10,5000,ES,2,5.2030742844477516,0.0,0.0,1.0,1.543807843283782,0.9999999999993522,8.004757418501333,0.9999999999998751
cont,ackley,ackley_d10_i003,10,5000,GWO,0,3.633476070086392,0.4756815976660123,0.0,0.6666666666666667,0.8006419331434272,0.6411944421216776,4.049917597618037,0.615381176652618
cont,ackley,ackley_d10_i003,10,5000,GWO,1,3.5866922946623743,-0.5667300755002929,0.0,0.33333333333333337,0.7775674699456356,0.584333134719161,4.0461646445105695,0.6265624572977082
cont,ackley,ackley_d10_i003,10,5000,GWO,2,3.4576815465173394,0.08311741998149476,0.0,0.6666666666666667,0.850553894525703,0.6753691871945958,4.152592447532205,0.6218862646398182
cont,ackley,ackley_d10_i003,10,5000,WOA,0,5.137338063624629,0.3543616968838943,0.0,0.0,1.8929960021001517,0.9861663595797968,7.161884414532895,1.1323649916910683
cont,ackley,ackley_d10_i003,10,5000,WOA,1,3.7719671891929925,0.7122997662383513,0.0,0.0,1.880888278675923,0.7243518437982353,6.99582609754885,0.8628840146889298
cont,ackley,ackley_d10_i003,10,5000,WOA,2,4.698184656509465,0.5262716733096142,0.0,0.0,1.9636896967154172,0.465246862483538,8.067065572508158,0.6256902304519543
cont,ackley,ackley_d10_i004,10,5000,PSO,0,2.041265239433415,0.45131097020409805,0.0,0.0,0.3968948951811612,0.11774617093964083,1.567433291320431,0.08967988935371728
cont,ackley,ackley_d10_i004,10,5000,PSO,1,1.7097231925843954,0.29426030545704074,0.0,0.0,0.33976092568406024,0.06107385144507028,1.271775663576653,0.06294715283850014
cont,ackley,ackley_d10_i004,10,5000,PSO,2,1.7332555705099897,0.4788948619262803,0.0,0.0,0.3529083476756808,0.19490082654336693,1.4076307750886035,0.1765809552327487
cont,ackley,ackley_d10_i004,10,5000,DE,0,2.957807323281646,0.36407118699126306,0.0,0.0,0.9692941853817116,0.32660635911877883,5.200596309782954,0.33439426968157276
cont,ackley,ackley_d10_i004,10,5000,DE,1,3.203885745590299,0.43447633545738973,0.0,0.0,1.117475032948534,0.38164629750896734,5.963106101952888,0.40635360548988736
cont,ackley,ackley_d10_i004,10,5000,DE,2,2.9904286174653376,0.16666666666659713,0.0,0.6666666666666667,0.9822756123516915,0.4116062925147163,5.124328823649605,0.4241051239030414
cont,ackley,ackley_d10_i004,10,5000,ES,0,7.351909053038192,0.0,0.0,1.0,2.220403327592803,0.9999999999995496,7.155644406151313,0.9999999999998602
cont,ackley,ackley_d10_i004,10,5000,ES,1,7.01944119153038,0.0,0.0,1.0,1.9507815557010513,0.9999999999994873,7.391851761210094,0.9999999999998647
cont,ackley,ackley_d10_i004,10,5000,ES,2,7.29835941600756,0.0,0.0,1.0,1.994277908285002,0.9999999999994985,7.528226315732013,0.9999999999998671
cont,ackley,ackley_d10_i004,10,5000,GWO,0,3.415145812799356,0.6640906846206543,0.0,0.6666666666666667,0.6411946431622056,0.5041782709499972,3.424680013291453,0.6108608956466679
cont,ackley,ackley_d10_i004,10,5000,GWO,1,3.256578194603485,-5.80970183786534,0.0,0.6666666666666667,0.6708009946168116,0.5515217414038411,3.3830268124089082,0.6986218062820263
cont,ackley,ackley_d10_i004,10,5000,GWO,2,3.0967087060233536,0.2745127657493106,0.0,0.33333333333333337,0.6753565954321394,0.5129009061771318,3.503919713789712,0.5423836712437932
cont,ackley,ackley_d10_i004,10,5000,WOA,0,3.606177147410048,0.33049736631376364,0.0,0.0,2.0763564510075603,0.952747964420775,8.38375069098134,0.7480225934042495
cont,ackley,ackley_d10_i004,10,5000,WOA,1,3.710286606904234,0.5184323505197485,0.0,0.0,2.0840194928998055,0.5696067023324565,7.706641621827919,0.5604251830685207
cont,ackley,ackley_d10_i004,10,5000,WOA,2,4.049409054560133,0.27000429737300036,0.0,0.0,2.0480156787421606,0.6873361048647628,7.69834649632445,0.6782483418397223
comb,maxcut,maxcut_n40_i000,40,4000,GA_BIN,0,-213.74889315493675,0.0,0.0,1.0,0.19479305995326063,0.9999999999948663,4.283333333333333,0.9999999999997665
comb,maxcut,maxcut_n40_i000,40,4000,GA_BIN,1,-212.2714108710412,0.0,0.0,1.0,0.1904304360510428,0.9999999999947488,4.233333333333333,0.9999999999997637
comb,maxcut,maxcut_n40_i000,40,4000,GA_BIN,2,-210.88070800466278,0.0,0.0,1.0,0.17642371890402755,0.9999999999943318,3.55,0.9999999999997183
comb,maxcut,maxcut_n40_i000,40,4000,SA,0,-213.53338681952033,0.042250957459975536,0.8743396704825009,0.7959183673469388,0.0,0.0,0.047168372772422924,0.0
comb,maxcut,maxcut_n40_i000,40,4000,SA,1,-214.08353458803543,0.036703856092370715,0.9067399360979173,0.8979591836734694,0.0,0.0,0.04413470255487544,0.0
comb,maxcut,maxcut_n40_i000,40,4000,SA,2,-213.24417766148835,0.05559177176253897,0.7707029264840138,0.8163265306122449,0.0,0.0,0.048713415774693354,0.0
comb,maxcut,maxcut_n40_i000,40,4000,HC,0,-208.50599860457788,0.1680797839122317,0.0,0.33333333333333337,0.0,0.0,0.25,0.0
comb,maxcut,maxcut_n40_i000,40,4000,HC,1,-206.61838570818628,0.24999999999997669,0.0,0.5,0.0,0.0,0.0,0.0
comb,maxcut,maxcut_n40_i000,40,4000,HC,2,-211.17508762465917,0.24999999999998063,0.0,0.5,0.0,0.0,0.0,0.0
comb,maxcut,maxcut_n40_i000,40,4000,BPSO,0,-205.38590932171377,0.0,0.0,1.0,0.38982881524689816,0.9999999999974348,13.86,0.9999999999999278
comb,maxcut,maxcut_n40_i000,40,4000,BPSO,1,-202.60874256007287,0.0,0.0,1.0,0.3833102623943443,0.9999999999973912,13.86,0.9999999999999278
comb,maxcut,maxcut_n40_i000,40,4000,BPSO,2,-205.7108457586217,0.0,0.0,1.0,0.3969624275607231,0.9999999999974809,13.8,0.9999999999999275
comb,maxcut,maxcut_n40_i001,40,4000,GA_BIN,0,-216.4773090540719,0.0,0.0,1.0,0.17697192341739684,0.9999999999943494,4.116666666666666,0.9999999999997571
comb,maxcut,maxcut_n40_i001,40,4000,GA_BIN,1,-215.06278812606178,0.0,0.0,1.0,0.1891140446709665,0.9999999999947121,4.0,0.99999999999975
comb,maxcut,maxcut_n40_i001,40,4000,GA_BIN,2,-214.44037157720726,0.0,0.0,1.0,0.21993056060303912,0.9999999999954531,5.433333333333334,0.9999999999998159
comb,maxcut,maxcut_n40_i001,40,4000,SA,0,-218.55787865546347,0.04166028720555116,0.758353973812032,0.8571428571428572,0.0,0.0,0.05304662735958587,0.0
comb,maxcut,maxcut_n40_i001,40,4000,SA,1,-218.47694519965108,0.043402269916757184,0.8007494774507002,0.8163265306122449,0.0,0.0,0.0521751447122935,0.0
comb,maxcut,maxcut_n40_i001,40,4000,SA,2,-218.47694519965108,0.03875642277325876,0.9100729372933651,0.7755102040816326,0.0,0.0,0.05087822583830006,0.0
comb,maxcut,maxcut_n40_i001,40,4000,HC,0,-217.646786343382,0.24999999999999217,0.0,0.5,0.0,0.0,0.0,0.0
comb,maxcut,maxcut_n40_i001,40,4000,HC,1,-215.51684536101246,0.24999999999998476,0.0,0.5,0.0,0.0,0.0,0.0
comb,maxcut,maxcut_n40_i001,40,4000,HC,2,-216.44924237367798,0.16666666666665356,0.0,0.6666666666666667,0.0,0.0,0.0,0.0
comb,maxcut,maxcut_n40_i001,40,4000,BPSO,0,-208.13796683583445,0.0,0.0,1.0,0.38560877609134014,0.9999999999974067,13.32,0.999999999999925
comb,maxcut,maxcut_n40_i001,40,4000,BPSO,1,-207.06836810729195,0.0,0.0,1.0,0.39027401337064266,0.9999999999974377,13.24,0.9999999999999245
comb,maxcut,maxcut_n40_i001,40,4000,BPSO,2,-207.8810803545449,0.0,0.0,1.0,0.3904689032320051,0.999999999997439,14.12,0.9999999999999292
comb,maxcut,maxcut_n40_i002,40,4000,GA_BIN,0,-212.0810286293126,0.0,0.0,1.0,0.21036343038639602,0.9999999999952462,4.716666666666667,0.999999999999788
comb,maxcut,maxcut_n40_i002,40,4000,GA_BIN,1,-212.7047410923222,0.0,0.0,1.0,0.2056124656255677,0.9999999999951364,4.55,0.9999999999997802
comb,maxcut,maxcut_n40_i002,40,4000,GA_BIN,2,-214.33639353927873,0.0,0.0,1.0,0.14974939518590452,0.9999999999933221,3.033333333333333,0.9999999999996703
comb,maxcut,maxcut_n40_i002,40,4000,SA,0,-213.35236031595156,0.0341149668425583,0.9177894222508544,0.8979591836734694,0.0,0.0,0.04504818780170048,0.0
comb,maxcut,maxcut_n40_i002,40,4000,SA,1,-214.11822018954263,0.048228233774194953,0.8520517570437239,0.8571428571428572,0.0,0.0,0.06246745175223575,0.0
comb,maxcut,maxcut_n40_i002,40,4000,SA,2,-215.70819801632717,0.0577616949903766,0.776089520120173,0.7755102040816326,0.0,0.0,0.05245458939142665,0.0
comb,maxcut,maxcut_n40_i002,40,4000,HC,0,-212.6770174990075,0.24999999999999373,0.0,0.5,0.0,0.0,0.0,0.0
comb,maxcut,maxcut_n40_i002,40,4000,HC,1,-215.4944273946478,0.2550803234292108,0.0,0.33333333333333337,0.0,0.0,0.25,0.0
comb,maxcut,maxcut_n40_i002,40,4000,HC,2,-212.55306162568408,0.24999999999998676,0.0,0.5,0.0,0.0,0.0,0.0
comb,maxcut,maxcut_n40_i002,40,4000,BPSO,0,-203.68814665785118,0.0,0.0,1.0,0.38941124483649026,0.999999999997432,13.86,0.9999999999999278
comb,maxcut,maxcut_n40_i002,40,4000,BPSO,1,-204.87635887079523,0.0,0.0,1.0,0.3893066080048744,0.9999999999974314,14.88,0.9999999999999328
comb,maxcut,maxcut_n40_i002,40,4000,BPSO,2,-205.9015671662039,0.0,0.0,1.0,0.4014784683903273,0.9999999999975092,13.88,0.999999999999928
comb,maxcut,maxcut_n40_i003,40,4000,GA_BIN,0,-212.4788375214577,0.0,0.0,1.0,0.15340055341869502,0.9999999999934811,3.216666666666667,0.9999999999996891
comb,maxcut,maxcut_n40_i003,40,4000,GA_BIN,1,-212.8525368015636,0.0,0.0,1.0,0.21084825500610446,0.9999999999952572,5.35,0.999999999999813
comb,maxcut,maxcut_n40_i003,40,4000,GA_BIN,2,-212.28913721621927,0.0,0.0,1.0,0.22367026119457356,0.9999999999955291,4.583333333333333,0.9999999999997818
comb,maxcut,maxcut_n40_i003,40,4000,SA,0,-213.17260825749963,0.04337866755564062,0.841317511423606,0.8163265306122449,0.0,0.0,0.05815413949153612,0.0
comb,maxcut,maxcut_n40_i003,40,4000,SA,1,-213.87241573193313,0.04163207661290296,0.9314510461688402,0.8775510204081632,0.0,0.0,0.03673902868449661,0.0
comb,maxcut,maxcut_n40_i003,40,4000,SA,2,-213.8806314707722,0.030688407973146724,0.8754371033807188,0.8775510204081632,0.0,0.0,0.055184784872281734,0.0
comb,maxcut,maxcut_n40_i003,40,4000,HC,0,-210.86341738200974,0.2499999999999834,0.0,0.5,0.0,0.0,0.0,0.0
comb,maxcut,maxcut_n40_i003,40,4000,HC,1,-212.95341150839647,0.1666666666666603,0.0,0.6666666666666667,0.0,0.0,0.0,0.0
comb,maxcut,maxcut_n40_i003,40,4000,HC,2,-211.9696981179915,0.16666666666665458,0.0,0.6666666666666667,0.0,0.0,0.0,0.0
comb,maxcut,maxcut_n40_i003,40,4000,BPSO,0,-202.44262270108914,0.0,0.0,1.0,0.39443527640008214,0.9999999999974648,14.84,0.9999999999999326
comb,maxcut,maxcut_n40_i003,40,4000,BPSO,1,-203.07928730018506,0.0,0.0,1.0,0.3903814313540111,0.9999999999974385,14.62,0.9999999999999316
comb,maxcut,maxcut_n40_i003,40,4000,BPSO,2,-204.00676456178758,0.0,0.0,1.0,0.40400221806498776,0.9999999999975249,13.46,0.9999999999999257
comb,maxcut,maxcut_n40_i004,40,4000,GA_BIN,0,-213.6817386474783,0.0,0.0,1.0,0.19812061796590708,0.9999999999949526,4.5,0.9999999999997777
comb,maxcut,maxcut_n40_i004,40,4000,GA_BIN,1,-216.1044866015884,0.0,0.0,1.0,0.16326488195135194,0.9999999999938749,3.05,0.9999999999996722
comb,maxcut,maxcut_n40_i004,40,4000,GA_BIN,2,-216.77909131565133,0.0,0.0,1.0,0.18461619361404727,0.9999999999945833,3.7666666666666666,0.9999999999997344
comb,maxcut,maxcut_n40_i004,40,4000,SA,0,-216.56670232203135,0.0576626889396717,0.7118459775312168,0.7959183673469388,0.0,0.0,0.042789162529511364,0.0
comb,maxcut,maxcut_n40_i004,40,4000,SA,1,-216.4115979218405,0.030376647253674983,0.9447928571660614,0.8979591836734694,0.0,0.0,0.04063737886201393,0.0
comb,maxcut,maxcut_n40_i004,40,4000,SA,2,-216.50476845003948,0.03149802762459847,0.9208606522589119,0.8571428571428572,0.0,0.0,0.036746382730566386,0.0
comb,maxcut,maxcut_n40_i004,40,4000,HC,0,-215.84731059453253,0.16666666666665816,0.0,0.6666666666666667,0.0,0.0,0.0,0.0
comb,maxcut,maxcut_n40_i004,40,4000,HC,1,-215.73248983546358,0.24999999999998507,0.0,0.5,0.0,0.0,0.0,0.0
comb,maxcut,maxcut_n40_i004,40,4000,HC,2,-214.2879074382417,0.2499999999999846,0.0,0.5,0.0,0.0,0.0,0.0
comb,maxcut,maxcut_n40_i004,40,4000,BPSO,0,-205.30940862284615,0.0,0.0,1.0,0.38772193211048905,0.9999999999974208,13.92,0.9999999999999282
comb,maxcut,maxcut_n40_i004,40,4000,BPSO,1,-203.90552900398478,0.0,0.0,1.0,0.39722858742800293,0.9999999999974826,14.66,0.9999999999999318
comb,maxcut,maxcut_n40_i004,40,4000,BPSO,2,-205.5472059977756,0.0,0.0,1.0,0.4016589401994649,0.9999999999975104,14.84,0.9999999999999326
comb,knapsack,knap_n50_i000,50,4000,GA_BIN,0,-1043.0506952390183,0.0,0.0,1.0,0.21134569920649995,0.9999999999952683,6.633333333333334,0.9999999999998492
comb,knapsack,knap_n50_i000,50,4000,GA_BIN,1,-1049.4556523867072,0.0,0.0,1.0,0.18670391947733253,0.999999999994644,5.466666666666667,0.999999999999817
comb,knapsack,knap_n50_i000,50,4000,GA_BIN,2,-1049.7819408229936,0.0,0.0,1.0,0.1908582080365709,0.9999999999947605,5.05,0.9999999999998019
comb,knapsack,knap_n50_i000,50,4000,SA,0,-1048.6107204621846,0.016289954257748415,0.9963927855898832,0.8979591836734694,0.0,0.0,0.008125,0.0
comb,knapsack,knap_n50_i000,50,4000,SA,1,-1052.3835817668692,0.016177941479502737,0.9900389125144091,0.9183673469387755,0.0,0.0,0.009791666666666666,0.0
comb,knapsack,knap_n50_i000,50,4000,SA,2,-1052.3835817668692,0.02097374614292375,0.9115084308800403,0.8979591836734694,0.0,0.0,0.00375,0.0
comb,knapsack,knap_n50_i000,50,4000,HC,0,-1051.027484595233,0.24999999999999936,0.0,0.5,0.0,0.0,0.0,0.0
comb,knapsack,knap_n50_i000,50,4000,HC,1,-1052.3835817668692,0.2499999999999994,0.0,0.5,0.0,0.0,0.0,0.0
comb,knapsack,knap_n50_i000,50,4000,HC,2,-1047.0148503033297,0.23851911708588364,0.0,0.33333333333333337,0.0,0.0,0.25,0.0
comb,knapsack,knap_n50_i000,50,4000,BPSO,0,-765.719913572902,0.0,0.0,1.0,0.4027768467687541,0.9999999999975173,19.86,0.9999999999999497
comb,knapsack,knap_n50_i000,50,4000,BPSO,1,-811.0797512258879,0.0,0.0,1.0,0.4022763215403286,0.9999999999975142,18.78,0.9999999999999468
comb,knapsack,knap_n50_i000,50,4000,BPSO,2,-794.3484533494951,0.0,0.0,1.0,0.42285753176864593,0.9999999999976352,22.78,0.9999999999999561
comb,knapsack,knap_n50_i001,50,4000,GA_BIN,0,-923.8389570874846,0.0,0.0,1.0,0.1740001542497478,0.9999999999942528,5.15,0.9999999999998058
comb,knapsack,knap_n50_i001,50,4000,GA_BIN,1,-927.6561767210858,0.0,0.0,1.0,0.21245440130826287,0.9999999999952931,7.166666666666667,0.9999999999998604
comb,knapsack,knap_n50_i001,50,4000,GA_BIN,2,-926.4508551070834,0.0,0.0,1.0,0.18017112845520697,0.9999999999944497,5.366666666666666,0.9999999999998136
comb,knapsack,knap_n50_i001,50,4000,SA,0,-926.633740801481,0.018233373622004456,0.9994335773711407,0.9183673469387755,0.0,0.0,0.004720461106399379,0.0
comb,knapsack,knap_n50_i001,50,4000,SA,1,-928.3184589354352,0.014188661348320131,0.9999238725231917,0.8979591836734694,0.0,0.0,0.011032051282051283,0.0
comb,knapsack,knap_n50_i001,50,4000,SA,2,-928.499225015318,0.015227622813241172,0.9999999999999978,0.9387755102040817,0.0,0.0,0.00625,0.0
comb,knapsack,knap_n50_i001,50,4000,HC,0,-920.6875277071495,0.24999999999999936,0.0,0.5,0.0,0.0,0.0,0.0
comb,knapsack,knap_n50_i001,50,4000,HC,1,-916.2153138017459,0.2499999999999993,0.0,0.5,0.0,0.0,0.0,0.0
comb,knapsack,knap_n50_i001,50,4000,HC,2,-926.0917906088757,0.24999999999999914,0.0,0.5,0.0,0.0,0.0,0.0
comb,knapsack,knap_n50_i001,50,4000,BPSO,0,-761.7472017998316,0.0,0.0,1.0,0.4113893213618654,0.9999999999975693,21.62,0.9999999999999538
comb,knapsack,knap_n50_i001,50,4000,BPSO,1,-723.075578123206,0.0,0.0,1.0,0.391040288877498,0.9999999999974428,19.44,0.9999999999999486
comb,knapsack,knap_n50_i001,50,4000,BPSO,2,-752.6898662525062,0.0,0.0,1.0,0.4153225234649209,0.9999999999975923,21.5,0.9999999999999536
comb,knapsack,knap_n50_i002,50,4000,GA_BIN,0,-1014.8181517015122,0.0,0.0,1.0,0.19675678276231026,0.9999999999949175,5.1,0.9999999999998039
comb,knapsack,knap_n50_i002,50,4000,GA_BIN,1,-1015.1477461484064,0.0,0.0,1.0,0.20661609768264053,0.9999999999951601,7.133333333333334,0.9999999999998598
comb,knapsack,knap_n50_i002,50,4000,GA_BIN,2,-1021.6735054075067,0.0,0.0,1.0,0.19364452418438283,0.9999999999948359,5.35,0.999999999999813
comb,knapsack,knap_n50_i002,50,4000,SA,0,-1023.1906549715626,0.012866952719931993,0.9999999999999981,0.9591836734693877,0.0,0.0,0.00625,0.0
comb,knapsack,knap_n50_i002,50,4000,SA,1,-1023.1906549715626,0.015291288534911664,0.9900488609062136,0.9183673469387755,0.0,0.0,0.0055000000000000005,0.0
comb,knapsack,knap_n50_i002,50,4000,SA,2,-1023.1906549715626,0.01700303865796967,0.9999999999999977,0.9183673469387755,0.0,0.0,0.0005816649104320338,0.0
comb,knapsack,knap_n50_i002,50,4000,HC,0,-1023.1906549715626,0.31874062513577417,0.0,0.0,0.0,0.0,0.3333333333333333,0.0
comb,knapsack,knap_n50_i002,50,4000,HC,1,-1016.8241155254333,0.24999999999999936,0.0,0.5,0.0,0.0,0.0,0.0
comb,knapsack,knap_n50_i002,50,4000,HC,2,-1023.1906549715626,0.24999999999999964,0.0,0.5,0.0,0.0,0.0,0.0
comb,knapsack,knap_n50_i002,50,4000,BPSO,0,-798.2013000704828,0.0,0.0,1.0,0.42819206301018325,0.9999999999976646,22.6,0.9999999999999558
comb,knapsack,knap_n50_i002,50,4000,BPSO,1,-781.2582470965809,0.0,0.0,1.0,0.4193435962810156,0.9999999999976154,22.04,0.9999999999999547
comb,knapsack,knap_n50_i002,50,4000,BPSO,2,-774.4499468816826,0.0,0.0,1.0,0.40815957376082634,0.9999999999975501,21.92,0.9999999999999545
comb,knapsack,knap_n50_i003,50,4000,GA_BIN,0,-916.9658016344259,0.0,0.0,1.0,0.18811143158907329,0.9999999999946839,5.35,0.999999999999813
comb,knapsack,knap_n50_i003,50,4000,GA_BIN,1,-908.39500818259,0.0,0.0,1.0,0.2142569160155243,0.9999999999953327,6.966666666666667,0.9999999999998564
comb,knapsack,knap_n50_i003,50,4000,GA_BIN,2,-908.9341498041728,0.0,0.0,1.0,0.19829991834348815,0.9999999999949571,5.9,0.9999999999998305
comb,knapsack,knap_n50_i003,50,4000,SA,0,-918.793539199554,0.014463202195828015,0.9988369227175682,0.9183673469387755,0.0,0.0,0.004583333333333333,0.0
comb,knapsack,knap_n50_i003,50,4000,SA,1,-918.7888365990226,0.014524443997414144,0.9999999999999978,0.9387755102040817,0.0,0.0,0.009166666666666667,0.0
comb,knapsack,knap_n50_i003,50,4000,SA,2,-915.0977293456791,0.016958558388133586,0.999999999999998,0.9387755102040817,0.0,0.0,0.0029166666666666664,0.0
comb,knapsack,knap_n50_i003,50,4000,HC,0,-918.793539199554,0.21416124132696673,0.0,0.33333333333333337,0.0,0.0,0.25,0.0
comb,knapsack,knap_n50_i003,50,4000,HC,1,-918.793539199554,0.2499999999999994,0.0,0.5,0.0,0.0,0.0,0.0
comb,knapsack,knap_n50_i003,50,4000,HC,2,-918.7888365990226,0.2430345965720569,0.0,0.33333333333333337,0.0,0.0,0.25,0.0
comb,knapsack,knap_n50_i003,50,4000,BPSO,0,-706.4295120980155,0.0,0.0,1.0,0.40566628719170156,0.999999999997535,20.02,0.9999999999999502
comb,knapsack,knap_n50_i003,50,4000,BPSO,1,-729.3102482790484,0.0,0.0,1.0,0.4076303000318957,0.9999999999975469,20.02,0.9999999999999502
comb,knapsack,knap_n50_i003,50,4000,BPSO,2,-686.769037748235,0.0,0.0,1.0,0.3979584033314594,0.9999999999974872,18.9,0.9999999999999472
comb,knapsack,knap_n50_i004,50,4000,GA_BIN,0,-994.9070726587152,0.0,0.0,1.0,0.1668695044617072,0.9999999999940072,4.2,0.9999999999997619
comb,knapsack,knap_n50_i004,50,4000,GA_BIN,1,-988.8986138625783,0.0,0.0,1.0,0.19357596351025758,0.999999999994834,5.266666666666667,0.9999999999998102
comb,knapsack,knap_n50_i004,50,4000,GA_BIN,2,-990.7089100581234,0.0,0.0,1.0,0.1725128781645126,0.9999999999942033,4.45,0.9999999999997753
comb,knapsack,knap_n50_i004,50,4000,SA,0,-995.1300492331471,0.01524842700354303,0.9999999999999978,0.9183673469387755,0.0,0.0,0.007324085650308984,0.0
comb,knapsack,knap_n50_i004,50,4000,SA,1,-995.1300492331471,0.014856793251578718,0.983540971001281,0.8979591836734694,0.0,0.0,0.008412490199936671,0.0
comb,knapsack,knap_n50_i004,50,4000,SA,2,-995.1300492331471,0.015156020252752797,0.9999999999999981,0.9183673469387755,0.0,0.0,0.007189256556634552,0.0
comb,knapsack,knap_n50_i004,50,4000,HC,0,-994.9070726587152,0.2499999999999992,0.0,0.5,0.0,0.0,0.0,0.0
comb,knapsack,knap_n50_i004,50,4000,HC,1,-995.1300492331471,0.24999999999999936,0.0,0.5,0.0,0.0,0.0,0.0
comb,knapsack,knap_n50_i004,50,4000,HC,2,-995.1300492331471,0.24999999999999933,0.0,0.5,0.0,0.0,0.3333333333333333,0.0
comb,knapsack,knap_n50_i004,50,4000,BPSO,0,-859.6876987838804,0.0,0.0,1.0,0.4211136325594147,0.9999999999976253,24.18,0.9999999999999587
comb,knapsack,knap_n50_i004,50,4000,BPSO,1,-792.6037900393688,0.0,0.0,1.0,0.42065374704906405,0.9999999999976228,22.9,0.9999999999999564
comb,knapsack,knap_n50_i004,50,4000,BPSO,2,-780.5137182944302,0.0,0.0,1.0,0.4332799091909645,0.9999999999976921,25.74,0.9999999999999613
