domain,budget,target,algo_variant,n_instances,mean_metric,median_metric,std_metric,mean_p05,mean_p95,rank
bin,500,0.0,HC(flips=1),60,0.184375,0.03125,0.33055371335874334,0.14230358728368173,0.24774055224574718,1
bin,500,0.0,"SA(T0=1.0,alpha=0.995,flips=1)",60,0.159375,0.03125,0.3032366450871808,0.11901141562637765,0.22224006651300615,2
bin,500,0.0,"SA(T0=2.0,alpha=0.99,flips=1)",60,0.15833333333333333,0.03125,0.30666516019956686,0.11943284464039018,0.21968317715646754,3
bin,500,0.0,"UMDA(pop=50,elite=0.2)",60,0.13125,0.03125,0.2781312487395541,0.09394168513958961,0.19324916255512564,4
bin,500,0.0,TABU(tenure=12),60,0.0375,0.03125,0.0189082306533604,0.0041488252271916545,0.10112923911742495,5
bin,500,0.0,TABU(tenure=7),60,0.0375,0.03125,0.026863788556218578,0.004583850244416105,0.10114171589474442,6
bin,500,0.0,HC(flips=2),60,0.03697916666666667,0.03125,0.021902726576779778,0.004266408094437327,0.10038316057636985,7
bin,500,0.0,"GA(pop=100,pc=0.9,pm=0.02)",60,0.03125,0.03125,0.0,0.0017002198174252134,0.09246509889883199,8
bin,500,0.0,"GA(pop=50,pc=0.9,pm=0.02)",60,0.03125,0.03125,0.0,0.0016413912324168183,0.0918986729562683,9
bin,500,0.0,"GA(pop=50,pc=0.9,pm=0.05)",60,0.03125,0.03125,0.0,0.00165152572577126,0.0922352389548074,10
bin,500,0.0,RS_BIN,60,0.03125,0.03125,0.0,0.0016688751983887683,0.09246964331954058,11
bin,500,0.0,"SA(T0=2.0,alpha=0.995,flips=2)",60,0.03125,0.03125,0.0,0.0016611092813322216,0.09112248171047561,12
bin,2000,0.0,HC(flips=1),60,0.39010416666666664,0.03125,0.45900865518331135,0.3480417621567811,0.43963855593140067,1
bin,2000,0.0,"SA(T0=1.0,alpha=0.995,flips=1)",60,0.38958333333333334,0.03125,0.45835821067565186,0.34753685753472535,0.43937914353731,2
bin,2000,0.0,"SA(T0=2.0,alpha=0.99,flips=1)",60,0.3880208333333333,0.03125,0.4564339536096852,0.3449113500610393,0.43895087294251717,3
bin,2000,0.0,"UMDA(pop=100,elite=0.2)",60,0.2994791666666667,0.03125,0.4205356433322307,0.25734586926096426,0.35498013177311255,4
bin,2000,0.0,"UMDA(pop=50,elite=0.2)",60,0.29791666666666666,0.03125,0.4220355025296808,0.25716273247112087,0.3519878966721867,5
bin,2000,0.0,HC(flips=2),60,0.090625,0.03125,0.11730837692428521,0.04024124496817586,0.16908158861393266,6
bin,2000,0.0,"SA(T0=2.0,alpha=0.995,flips=2)",60,0.0890625,0.03125,0.11816943832760236,0.03965469578368725,0.1659505434764935,7
bin,2000,0.0,"GA(pop=50,pc=0.9,pm=0.02)",60,0.057291666666666664,0.03125,0.07505441764043362,0.017885043272813688,0.1265391260127199,8
bin,2000,0.0,TABU(tenure=7),60,0.04791666666666667,0.03125,0.04655315593688161,0.010364753339117351,0.11489432347470611,9
bin,2000,0.0,TABU(tenure=12),60,0.03697916666666667,0.03125,0.016766232437290224,0.0038504831494978633,0.10117033910467203,10
bin,2000,0.0,"GA(pop=100,pc=0.9,pm=0.02)",60,0.03125,0.03125,0.0,0.001689561069046685,0.09170989679272071,11
bin,2000,0.0,"GA(pop=50,pc=0.9,pm=0.05)",60,0.03125,0.03125,0.0,0.0016787317439261084,0.09158347370476,12
bin,5000,0.0,HC(flips=1),60,0.43072916666666666,0.03125,0.4475647554976829,0.3798877529017996,0.4859375362836275,1
bin,5000,0.0,"SA(T0=2.0,alpha=0.99,flips=1)",60,0.4265625,0.03125,0.44773977012086097,0.375950169795278,0.4820654940421735,2
bin,5000,0.0,"SA(T0=1.0,alpha=0.995,flips=1)",60,0.4239583333333333,0.03125,0.44668649228178553,0.3731855369317313,0.47959684957301796,3
bin,5000,0.0,"UMDA(pop=50,elite=0.2)",60,0.384375,0.03125,0.4512921361612863,0.33931280206523995,0.43700182099247287,4
bin,5000,0.0,"UMDA(pop=100,elite=0.2)",60,0.36041666666666666,0.03125,0.42081795015795276,0.30742076477593966,0.4226939645290992,5
bin,5000,0.0,HC(flips=2),60,0.15260416666666668,0.03125,0.20220347242815995,0.09041953535991966,0.2380731026137881,6
bin,5000,0.0,"SA(T0=2.0,alpha=0.995,flips=2)",60,0.15208333333333332,0.03125,0.19818317619738468,0.090089634974871,0.2380496984340331,7
bin,5000,0.0,"GA(pop=50,pc=0.9,pm=0.02)",60,0.13958333333333334,0.03125,0.30064740055965367,0.10591541094627921,0.19752266784290795,8
bin,5000,0.0,"GA(pop=100,pc=0.9,pm=0.02)",60,0.13177083333333334,0.03125,0.2790991003592231,0.09403452043655781,0.19376763695558671,9
bin,5000,0.0,TABU(tenure=7),60,0.06302083333333333,0.03125,0.08922550810112517,0.022124891153529898,0.1330959410725736,10
bin,5000,0.0,TABU(tenure=12),60,0.042708333333333334,0.03125,0.03450556227166304,0.007154253328614638,0.10825652594011421,11
bin,5000,0.0,"GA(pop=50,pc=0.9,pm=0.05)",60,0.03125,0.03125,0.0,0.001669542827817805,0.09239779279799401,12
cont,500,0.01,HC_CONT(sigma=0.2),17,0.13419117647058823,0.03125,0.1553743847889008,0.0714267647715402,0.22204106446501884,1
cont,500,0.01,"PSO_STD(p=20,w=0.72,c1=1.49,c2=1.49)",17,0.042279411764705885,0.03125,0.024559538999792994,0.006121618052869006,0.11001065434115495,2
cont,500,0.01,"SA_CONT(sigma=0.3,T0=1.0,alpha=0.995)",17,0.03676470588235294,0.03125,0.012279769499896497,0.003369186356667094,0.10226440186216336,3
cont,500,0.01,"DE(pop=20,F=0.8,CR=0.9)",17,0.03125,0.03125,0.0,0.001701236098050441,0.09107697730182898,4
cont,500,0.01,"DE(pop=40,F=0.8,CR=0.9)",17,0.03125,0.03125,0.0,0.001561874134449706,0.09149576346970456,5
cont,500,0.01,"ES_ML(mu=10,lam=40,sigma=0.3)",17,0.03125,0.03125,0.0,0.001598948858947241,0.09116586168116092,6
cont,500,0.01,"ES_ML(mu=20,lam=80,sigma=0.2)",17,0.03125,0.03125,0.0,0.0016908253406137058,0.09232940019820642,7
cont,500,0.01,"PSO_RING(p=20,ring,w=0.72,c1=1.49,c2=1.49)",17,0.03125,0.03125,0.0,0.0015514079821131645,0.09231528159262592,8
cont,500,0.01,"PSO_RING(p=40,ring,w=0.72,c1=1.49,c2=1.49)",17,0.03125,0.03125,0.0,0.0016537265165171588,0.09161779055597316,9
cont,500,0.01,"PSO_STD(p=40,w=0.72,c1=1.49,c2=1.49)",17,0.03125,0.03125,0.0,0.0016779175965701057,0.09168570780804396,10
cont,500,0.01,RS_CONT,17,0.03125,0.03125,0.0,0.0016765416737485413,0.09219306446232615,11
cont,500,0.1,HC_CONT(sigma=0.2),23,0.11684782608695653,0.03125,0.23540821338024184,0.07471504038782915,0.18543234959378985,1
cont,500,0.1,"ES_ML(mu=10,lam=40,sigma=0.3)",23,0.10733695652173914,0.03125,0.25226707988729263,0.07203119428981149,0.16860224648545077,2
cont,500,0.1,"PSO_STD(p=20,w=0.72,c1=1.49,c2=1.49)",23,0.08967391304347826,0.03125,0.19499789385200897,0.051147490286901486,0.15517997189615482,3
cont,500,0.1,"PSO_RING(p=20,ring,w=0.72,c1=1.49,c2=1.49)",23,0.06929347826086957,0.03125,0.1260455286650133,0.030179527278339228,0.13712350291060627,4
cont,500,0.1,"ES_ML(mu=20,lam=80,sigma=0.2)",23,0.06793478260869565,0.03125,0.1223628689175083,0.02899545177968203,0.13555111686545773,5
cont,500,0.1,"PSO_STD(p=40,w=0.72,c1=1.49,c2=1.49)",23,0.050271739130434784,0.03125,0.06372320796383044,0.01345901398467968,0.116392527060328,6
cont,500,0.1,"SA_CONT(sigma=0.3,T0=1.0,alpha=0.995)",23,0.04755434782608696,0.03125,0.057212073410020006,0.011396807495788377,0.11420112816354842,7
cont,500,0.1,"PSO_RING(p=40,ring,w=0.72,c1=1.49,c2=1.49)",23,0.042119565217391304,0.03125,0.0360130081900038,0.007144158567233848,0.10734291923051013,8
cont,500,0.1,RS_CONT,23,0.033967391304347824,0.03125,0.009003252047500951,0.0024608468271080696,0.09660267298402526,9
cont,500,0.1,"DE(pop=20,F=0.8,CR=0.9)",23,0.03125,0.03125,0.0,0.0016427890651703,0.09292741378301154,10
cont,500,0.1,"DE(pop=40,F=0.8,CR=0.9)",23,0.03125,0.03125,0.0,0.0017004459710335087,0.0921388018200598,11
cont,500,1.0,"PSO_STD(p=20,w=0.72,c1=1.49,c2=1.49)",20,0.0796875,0.03125,0.20937990960465294,0.047422418706706035,0.13930454915338913,1
cont,500,1.0,"PSO_STD(p=40,w=0.72,c1=1.49,c2=1.49)",20,0.078125,0.03125,0.2096313728906053,0.04712664311661244,0.1368793789971796,2
cont,500,1.0,"PSO_RING(p=20,ring,w=0.72,c1=1.49,c2=1.49)",20,0.0765625,0.03125,0.20264366046091845,0.044595301435725945,0.13721098520056565,3
cont,500,1.0,"PSO_RING(p=40,ring,w=0.72,c1=1.49,c2=1.49)",20,0.0609375,0.03125,0.13276653616405001,0.025243795938168674,0.12474779618290677,4
cont,500,1.0,"DE(pop=20,F=0.8,CR=0.9)",20,0.0453125,0.03125,0.06288941186718158,0.010964272689176605,0.110881410804299,5
cont,500,1.0,"ES_ML(mu=10,lam=40,sigma=0.3)",20,0.040625,0.03125,0.041926274578121064,0.0069994892067825306,0.10548732622125487,6
cont,500,1.0,HC_CONT(sigma=0.2),20,0.0375,0.03125,0.016348386368143654,0.00398476132412568,0.10127127646956166,7
cont,500,1.0,"DE(pop=40,F=0.8,CR=0.9)",20,0.0359375,0.03125,0.020963137289060532,0.00380784295992406,0.09825517449056462,8
cont,500,1.0,"ES_ML(mu=20,lam=80,sigma=0.2)",20,0.03125,0.03125,0.0,0.0016884486918452,0.09272667332989805,9
cont,500,1.0,RS_CONT,20,0.03125,0.03125,0.0,0.0017201700513642352,0.09128738730221334,10
cont,500,1.0,"SA_CONT(sigma=0.3,T0=1.0,alpha=0.995)",20,0.03125,0.03125,0.0,0.0016408095612343951,0.09237415891566532,11
cont,2000,0.0001,"PSO_STD(p=20,w=0.72,c1=1.49,c2=1.49)",17,0.5790441176470589,0.96875,0.4467653994556151,0.519096392218744,0.6328619574290199,1
cont,2000,0.0001,"PSO_RING(p=20,ring,w=0.72,c1=1.49,c2=1.49)",17,0.3161764705882353,0.1875,0.3476136478358764,0.24097375627348563,0.4031925964984552,2
cont,2000,0.0001,"DE(pop=20,F=0.8,CR=0.9)",17,0.17647058823529413,0.03125,0.2353991105938643,0.11189215807708329,0.26361732524426834,3
cont,2000,0.0001,"PSO_STD(p=40,w=0.72,c1=1.49,c2=1.49)",17,0.0900735294117647,0.03125,0.1392652809362933,0.04039290203166354,0.16815330375853219,4
cont,2000,0.0001,"DE(pop=40,F=0.8,CR=0.9)",17,0.03125,0.03125,0.0,0.0016962353698883705,0.09114420313107598,5
cont,2000,0.0001,"ES_ML(mu=10,lam=40,sigma=0.3)",17,0.03125,0.03125,0.0,0.0016915361857153294,0.09159472912487561,6
cont,2000,0.0001,"ES_ML(mu=20,lam=80,sigma=0.2)",17,0.03125,0.03125,0.0,0.0016137642071755646,0.09316876422577229,7
cont,2000,0.0001,HC_CONT(sigma=0.2),17,0.03125,0.03125,0.0,0.0016726607446735293,0.09142802857939691,8
cont,2000,0.0001,"PSO_RING(p=40,ring,w=0.72,c1=1.49,c2=1.49)",17,0.03125,0.03125,0.0,0.0016409422972766118,0.09222487123768743,9
cont,2000,0.0001,RS_CONT,17,0.03125,0.03125,0.0,0.0016438557796549704,0.09116993914180177,10
cont,2000,0.0001,"SA_CONT(sigma=0.3,T0=1.0,alpha=0.995)",17,0.03125,0.03125,0.0,0.0016468948756907177,0.09186307116036142,11
cont,2000,0.001,"PSO_STD(p=20,w=0.72,c1=1.49,c2=1.49)",23,0.07336956521739131,0.03125,0.1377092595578968,0.03286446105252818,0.14266836995259236,1
cont,2000,0.001,"DE(pop=20,F=0.8,CR=0.9)",23,0.03125,0.03125,0.0,0.0016708491465153219,0.09180305635278885,2
cont,2000,0.001,"DE(pop=40,F=0.8,CR=0.9)",23,0.03125,0.03125,0.0,0.001647543700412874,0.09260843546198567,3
cont,2000,0.001,"ES_ML(mu=10,lam=40,sigma=0.3)",23,0.03125,0.03125,0.0,0.0016473197468601173,0.09111376773243043,4
cont,2000,0.001,"ES_ML(mu=20,lam=80,sigma=0.2)",23,0.03125,0.03125,0.0,0.0016620607422566781,0.09142314302359292,5
cont,2000,0.001,HC_CONT(sigma=0.2),23,0.03125,0.03125,0.0,0.0016670022862769651,0.09173810373504061,6
cont,2000,0.001,"PSO_RING(p=20,ring,w=0.72,c1=1.49,c2=1.49)",23,0.03125,0.03125,0.0,0.001642639443137013,0.0920152743611218,7
cont,2000,0.001,"PSO_RING(p=40,ring,w=0.72,c1=1.49,c2=1.49)",23,0.03125,0.03125,0.0,0.0016931535063172912,0.09154853398168426,8
cont,2000,0.001,"PSO_STD(p=40,w=0.72,c1=1.49,c2=1.49)",23,0.03125,0.03125,0.0,0.0016562545414272826,0.09200679580939393,9
cont,2000,0.001,RS_CONT,23,0.03125,0.03125,0.0,0.0017053068833268522,0.09230738842651832,10
cont,2000,0.001,"SA_CONT(sigma=0.3,T0=1.0,alpha=0.995)",23,0.03125,0.03125,0.0,0.0016910606913937089,0.09194178376157813,11
cont,2000,0.01,"PSO_STD(p=20,w=0.72,c1=1.49,c2=1.49)",20,0.0828125,0.03125,0.20908512927249212,0.048471627562633006,0.14580764582030875,1
cont,2000,0.01,"PSO_RING(p=20,ring,w=0.72,c1=1.49,c2=1.49)",20,0.0796875,0.03125,0.20937990960465291,0.04764534647790146,0.1390445895768719,2
cont,2000,0.01,"DE(pop=20,F=0.8,CR=0.9)",20,0.078125,0.03125,0.2096313728906053,0.046895218307735805,0.13800806930389142,3
cont,2000,0.01,"PSO_STD(p=40,w=0.72,c1=1.49,c2=1.49)",20,0.078125,0.03125,0.2096313728906053,0.047183773760225874,0.13706498477889867,4
cont,2000,0.01,"PSO_RING(p=40,ring,w=0.72,c1=1.49,c2=1.49)",20,0.05625,0.03125,0.11180339887498947,0.020694095943875418,0.12077867377984389,5
cont,2000,0.01,"ES_ML(mu=10,lam=40,sigma=0.3)",20,0.0328125,0.03125,0.006987712429686842,0.002240394762125995,0.0942207384840468,6
cont,2000,0.01,"DE(pop=40,F=0.8,CR=0.9)",20,0.03125,0.03125,0.0,0.001684760279993585,0.09071951350012308,7
cont,2000,0.01,"ES_ML(mu=20,lam=80,sigma=0.2)",20,0.03125,0.03125,0.0,0.0016130678529123299,0.09179777522440914,8
cont,2000,0.01,HC_CONT(sigma=0.2),20,0.03125,0.03125,0.0,0.001586370012462025,0.09190835748900239,9
cont,2000,0.01,RS_CONT,20,0.03125,0.03125,0.0,0.00168972460161202,0.0923234310049332,10
cont,2000,0.01,"SA_CONT(sigma=0.3,T0=1.0,alpha=0.995)",20,0.03125,0.03125,0.0,0.0017364748238269448,0.09257549619935095,11
cont,5000,1e-06,"PSO_STD(p=20,w=0.72,c1=1.49,c2=1.49)",17,0.8033088235294118,0.96875,0.3683930849968949,0.7471462316182924,0.8383715575684992,1
cont,5000,1e-06,"PSO_RING(p=20,ring,w=0.72,c1=1.49,c2=1.49)",17,0.6231617647058824,0.96875,0.4422828116465088,0.5619400685981305,0.6764486036111801,2
cont,5000,1e-06,"PSO_STD(p=40,w=0.72,c1=1.49,c2=1.49)",17,0.5974264705882353,0.96875,0.4449535769737835,0.5379721168051584,0.6501246076590927,3
cont,5000,1e-06,"DE(pop=20,F=0.8,CR=0.9)",17,0.5275735294117647,0.96875,0.48233977071330614,0.4811964292893272,0.5713826641034846,4
cont,5000,1e-06,"PSO_RING(p=40,ring,w=0.72,c1=1.49,c2=1.49)",17,0.2536764705882353,0.03125,0.320194786476552,0.18608697209517322,0.33827705992923246,5
cont,5000,1e-06,"DE(pop=40,F=0.8,CR=0.9)",17,0.04044117647058824,0.03125,0.03789619141192703,0.006798738945621717,0.1049387426441373,6
cont,5000,1e-06,"ES_ML(mu=10,lam=40,sigma=0.3)",17,0.03308823529411765,0.03125,0.007579238282385405,0.002279296460142441,0.09437222144977894,7
cont,5000,1e-06,"ES_ML(mu=20,lam=80,sigma=0.2)",17,0.03125,0.03125,0.0,0.0016177107282267765,0.09086799672597146,8
cont,5000,1e-06,HC_CONT(sigma=0.2),17,0.03125,0.03125,0.0,0.0016642252452616765,0.09150070943531724,9
cont,5000,1e-06,RS_CONT,17,0.03125,0.03125,0.0,0.0016988692615149705,0.09141939559093931,10
cont,5000,1e-06,"SA_CONT(sigma=0.3,T0=1.0,alpha=0.995)",17,0.03125,0.03125,0.0,0.0016259496321462648,0.09149145875841744,11
cont,5000,0.001,"PSO_STD(p=20,w=0.72,c1=1.49,c2=1.49)",23,0.24320652173913043,0.03125,0.3619849056070595,0.1907559832735966,0.3134974072207238,1
cont,5000,0.001,"PSO_RING(p=20,ring,w=0.72,c1=1.49,c2=1.49)",23,0.17798913043478262,0.03125,0.3260465534093538,0.13595954875815403,0.2422145918024592,2
cont,5000,0.001,"PSO_STD(p=40,w=0.72,c1=1.49,c2=1.49)",23,0.17391304347826086,0.03125,0.32582746592239137,0.13361520560320492,0.2357010127607173,3
cont,5000,0.001,"DE(pop=20,F=0.8,CR=0.9)",23,0.15489130434782608,0.03125,0.32235570085775445,0.12037110542226416,0.21220199886996888,4
cont,5000,0.001,"PSO_RING(p=40,ring,w=0.72,c1=1.49,c2=1.49)",23,0.05434782608695652,0.03125,0.06335872523371273,0.014954248015125909,0.12268818714120724,5
cont,5000,0.001,"DE(pop=40,F=0.8,CR=0.9)",23,0.03125,0.03125,0.0,0.0016817116842501696,0.09223859979231762,6
cont,5000,0.001,"ES_ML(mu=10,lam=40,sigma=0.3)",23,0.03125,0.03125,0.0,0.001712197187761087,0.09255101225504701,7
cont,5000,0.001,"ES_ML(mu=20,lam=80,sigma=0.2)",23,0.03125,0.03125,0.0,0.001651772513740052,0.09199959066104144,8
cont,5000,0.001,HC_CONT(sigma=0.2),23,0.03125,0.03125,0.0,0.0016299315124823131,0.09213463222886013,9
cont,5000,0.001,RS_CONT,23,0.03125,0.03125,0.0,0.0016514605212339828,0.09214683379666179,10
cont,5000,0.001,"SA_CONT(sigma=0.3,T0=1.0,alpha=0.995)",23,0.03125,0.03125,0.0,0.001706838702587913,0.09193695569990205,11
cont,5000,0.01,"DE(pop=20,F=0.8,CR=0.9)",20,0.25625,0.03125,0.3969196773443689,0.2125874860603379,0.31629884578418827,1
cont,5000,0.01,"PSO_RING(p=20,ring,w=0.72,c1=1.49,c2=1.49)",20,0.1265625,0.03125,0.2783060469278002,0.08951616939913101,0.18891205141557524,2
cont,5000,0.01,"PSO_STD(p=40,w=0.72,c1=1.49,c2=1.49)",20,0.1234375,0.03125,0.27867516549172816,0.0878956440366169,0.18536823851090906,3
cont,5000,0.01,"PSO_STD(p=20,w=0.72,c1=1.49,c2=1.49)",20,0.1203125,0.03125,0.2555460082559035,0.0797541077230979,0.18648656809632577,4
cont,5000,0.01,"PSO_RING(p=40,ring,w=0.72,c1=1.49,c2=1.49)",20,0.084375,0.03125,0.20879608693903398,0.049151930426060766,0.14813022241862722,5
cont,5000,0.01,"DE(pop=40,F=0.8,CR=0.9)",20,0.078125,0.03125,0.2096313728906053,0.04677580009451139,0.13781696729998605,6
cont,5000,0.01,"ES_ML(mu=10,lam=40,sigma=0.3)",20,0.0359375,0.03125,0.020963137289060532,0.004065677336824116,0.09975829140116163,7
cont,5000,0.01,"ES_ML(mu=20,lam=80,sigma=0.2)",20,0.0359375,0.03125,0.020963137289060532,0.00391917777016641,0.09854356014489017,8
cont,5000,0.01,HC_CONT(sigma=0.2),20,0.03125,0.03125,0.0,0.001703263229703985,0.09210005589490182,9
cont,5000,0.01,RS_CONT,20,0.03125,0.03125,0.0,0.00166692673837414,0.09179513310644735,10
cont,5000,0.01,"SA_CONT(sigma=0.3,T0=1.0,alpha=0.995)",20,0.03125,0.03125,0.0,0.0016526478003718401,0.09265542334557639,11
