algo,rung,score,seconds,params_json,pop,fmax,A0,r0,local_step
BA,rung1,0.001573052380018758,1.3800349235534668,"{""A0"": 0.7647415609539432, ""fmax"": 3.309003537875087, ""local_step"": 0.0034676757169553457, ""pop"": 48, ""r0"": 0.5309250859645841}",48,3.309003537875087,0.7647415609539432,0.5309250859645841,0.0034676757169553457
BA,rung1,0.12249491247758187,1.4707906246185303,"{""A0"": 0.7434606420463051, ""fmax"": 0.7884759937552694, ""local_step"": 0.0010053352619175029, ""pop"": 48, ""r0"": 0.2620836885510369}",48,0.7884759937552694,0.7434606420463051,0.2620836885510369,0.0010053352619175029
BA,rung1,-0.1475174987290253,1.2132627964019775,"{""A0"": 0.3818630279414551, ""fmax"": 4.943660634515048, ""local_step"": 0.011134873016712288, ""pop"": 28, ""r0"": 0.9445234471674647}",28,4.943660634515048,0.3818630279414551,0.9445234471674647,0.011134873016712288
BA,rung1,-0.029923066308123192,1.4323484897613525,"{""A0"": 0.33777356160729904, ""fmax"": 3.2416130063333726, ""local_step"": 0.0003115452271742074, ""pop"": 76, ""r0"": 0.15013604006747855}",76,3.2416130063333726,0.33777356160729904,0.15013604006747855,0.0003115452271742074
BA,rung1,-0.030046810969426685,1.230452537536621,"{""A0"": 0.7385857333066845, ""fmax"": 2.661700947965, ""local_step"": 0.0029161693718040738, ""pop"": 51, ""r0"": 0.7240411424698769}",51,2.661700947965,0.7385857333066845,0.7240411424698769,0.0029161693718040738
BA,rung1,0.5920404701979788,1.3973157405853271,"{""A0"": 0.7970801488913232, ""fmax"": 0.6075779790108338, ""local_step"": 0.032983018693123714, ""pop"": 57, ""r0"": 0.4764712946973476}",57,0.6075779790108338,0.7970801488913232,0.4764712946973476,0.032983018693123714
BA,rung1,-0.10587327136331481,1.7632853984832764,"{""A0"": 0.844419022584834, ""fmax"": 4.705622321249535, ""local_step"": 1.2132146442152184e-05, ""pop"": 38, ""r0"": 0.9027714304362593}",38,4.705622321249535,0.844419022584834,0.9027714304362593,1.2132146442152184e-05
BA,rung1,-0.05920681757452051,1.570847988128662,"{""A0"": 0.6273513451282392, ""fmax"": 4.361785595236469, ""local_step"": 0.0002755672997996262, ""pop"": 49, ""r0"": 0.4748009774092249}",49,4.361785595236469,0.6273513451282392,0.4748009774092249,0.0002755672997996262
BA,rung1,0.005546575256784592,1.979137659072876,"{""A0"": 0.4119302783090397, ""fmax"": 2.766568975430963, ""local_step"": 0.0013251344772597924, ""pop"": 74, ""r0"": 0.2436879506720853}",74,2.766568975430963,0.4119302783090397,0.2436879506720853,0.0013251344772597924
BA,rung1,0.03738514629425538,1.7944889068603516,"{""A0"": 0.6463774640692685, ""fmax"": 1.4079038691645709, ""local_step"": 0.0001704318681675459, ""pop"": 60, ""r0"": 0.11112472169433785}",60,1.4079038691645709,0.6463774640692685,0.11112472169433785,0.0001704318681675459
BA,rung1,0.10509554883167355,1.3811261653900146,"{""A0"": 0.7859563036261537, ""fmax"": 1.1942476788092398, ""local_step"": 0.006211288708508076, ""pop"": 52, ""r0"": 0.4982862577780215}",52,1.1942476788092398,0.7859563036261537,0.4982862577780215,0.006211288708508076
BA,rung1,0.09011980216401233,1.3099560737609863,"{""A0"": 0.5336293746005915, ""fmax"": 3.468130471718888, ""local_step"": 0.024098367246821233, ""pop"": 49, ""r0"": 0.6800435268030502}",49,3.468130471718888,0.5336293746005915,0.6800435268030502,0.024098367246821233
BA,rung1,-0.056117027344621206,1.3944146633148193,"{""A0"": 0.46727184973966135, ""fmax"": 2.92892019571008, ""local_step"": 0.00043880257741718895, ""pop"": 43, ""r0"": 0.43534926398674456}",43,2.92892019571008,0.46727184973966135,0.43534926398674456,0.00043880257741718895
BA,rung1,0.7297441759810277,1.4494786262512207,"{""A0"": 0.8823227967987173, ""fmax"": 3.1446298806292847, ""local_step"": 0.03584748635824017, ""pop"": 73, ""r0"": 0.1579487165250149}",73,3.1446298806292847,0.8823227967987173,0.1579487165250149,0.03584748635824017
BA,rung1,-0.007984923098058316,1.5606250762939453,"{""A0"": 0.3297624545991324, ""fmax"": 2.8661391103487417, ""local_step"": 0.009093334498929826, ""pop"": 22, ""r0"": 0.1682479001020672}",22,2.8661391103487417,0.3297624545991324,0.1682479001020672,0.009093334498929826
BA,rung1,0.014889979357200711,1.5531625747680664,"{""A0"": 0.8154665400906502, ""fmax"": 1.3738766692571995, ""local_step"": 7.839676490982325e-05, ""pop"": 37, ""r0"": 0.23308228574231415}",37,1.3738766692571995,0.8154665400906502,0.23308228574231415,7.839676490982325e-05
BA,rung1,-0.11941010006683317,1.5644659996032715,"{""A0"": 0.41477316224130706, ""fmax"": 3.8488693276687345, ""local_step"": 8.02833729457172e-05, ""pop"": 33, ""r0"": 0.19492537621322964}",33,3.8488693276687345,0.41477316224130706,0.19492537621322964,8.02833729457172e-05
BA,rung1,-0.011288901950299801,1.2190165519714355,"{""A0"": 0.9313368222820662, ""fmax"": 2.7746631060126696, ""local_step"": 0.001972004560719466, ""pop"": 67, ""r0"": 0.6599391731218103}",67,2.7746631060126696,0.9313368222820662,0.6599391731218103,0.001972004560719466
BA,rung1,-0.07288418653979661,1.380997896194458,"{""A0"": 0.7889566248422563, ""fmax"": 4.431153695337777, ""local_step"": 0.00011699300845614346, ""pop"": 42, ""r0"": 0.4937728124238703}",42,4.431153695337777,0.7889566248422563,0.4937728124238703,0.00011699300845614346
BA,rung1,0.870824231564039,1.4919242858886719,"{""A0"": 0.7758396086079669, ""fmax"": 4.906879683232751, ""local_step"": 0.09323576035166016, ""pop"": 40, ""r0"": 0.2624675283484574}",40,4.906879683232751,0.7758396086079669,0.2624675283484574,0.09323576035166016
BA,rung1,0.05176390285306298,1.3938500881195068,"{""A0"": 0.7193664214040224, ""fmax"": 3.088736757934478, ""local_step"": 0.005562009416424027, ""pop"": 71, ""r0"": 0.413580926106332}",71,3.088736757934478,0.7193664214040224,0.413580926106332,0.005562009416424027
BA,rung1,-0.0766239555612227,1.332702875137329,"{""A0"": 0.8768716994386003, ""fmax"": 4.99038890259101, ""local_step"": 0.00028879788613620373, ""pop"": 35, ""r0"": 0.6285647651946386}",35,4.99038890259101,0.8768716994386003,0.6285647651946386,0.00028879788613620373
BA,rung1,-0.08756668640282511,1.3969058990478516,"{""A0"": 0.8768263160756975, ""fmax"": 1.8787392790812159, ""local_step"": 0.00011837539291954799, ""pop"": 30, ""r0"": 0.5562474894456787}",30,1.8787392790812159,0.8768263160756975,0.5562474894456787,0.00011837539291954799
BA,rung1,0.271949722762034,1.3264563083648682,"{""A0"": 0.8382160408204589, ""fmax"": 2.075867678811001, ""local_step"": 0.04478765116647186, ""pop"": 36, ""r0"": 0.6315791111097505}",36,2.075867678811001,0.8382160408204589,0.6315791111097505,0.04478765116647186
BA,rung1,-0.04570106185371087,1.1432504653930664,"{""A0"": 0.664164256394711, ""fmax"": 2.7599145575122273, ""local_step"": 0.00857296942070506, ""pop"": 65, ""r0"": 0.9270098862937578}",65,2.7599145575122273,0.664164256394711,0.9270098862937578,0.00857296942070506
BA,rung1,-0.042010406107530485,1.372063159942627,"{""A0"": 0.48951722527467967, ""fmax"": 3.8054581872411144, ""local_step"": 3.535792027918619e-05, ""pop"": 53, ""r0"": 0.3544728407000619}",53,3.8054581872411144,0.48951722527467967,0.3544728407000619,3.535792027918619e-05
BA,rung1,-0.07875322821036113,1.1473288536071777,"{""A0"": 0.39339901136089606, ""fmax"": 3.7079364137407427, ""local_step"": 0.0002000353429553601, ""pop"": 52, ""r0"": 0.9489708273016046}",52,3.7079364137407427,0.39339901136089606,0.9489708273016046,0.0002000353429553601
BA,rung1,-0.11286813193772177,1.2722525596618652,"{""A0"": 0.4851104105458509, ""fmax"": 1.747754604530273, ""local_step"": 1.5752047374185037e-05, ""pop"": 33, ""r0"": 0.8325692271718078}",33,1.747754604530273,0.4851104105458509,0.8325692271718078,1.5752047374185037e-05
BA,rung1,0.1825249843870143,1.3305184841156006,"{""A0"": 0.6872084966494065, ""fmax"": 0.828240005818147, ""local_step"": 0.014200819389527393, ""pop"": 51, ""r0"": 0.4803577433601681}",51,0.828240005818147,0.6872084966494065,0.4803577433601681,0.014200819389527393
BA,rung1,-0.012282261151588092,1.3284258842468262,"{""A0"": 0.7979845175416276, ""fmax"": 1.433690725428453, ""local_step"": 4.889439409551548e-05, ""pop"": 38, ""r0"": 0.6105398639488159}",38,1.433690725428453,0.7979845175416276,0.6105398639488159,4.889439409551548e-05
BA,rung1,-0.014633709937767858,1.2776210308074951,"{""A0"": 0.8879991429361274, ""fmax"": 2.8418848174582365, ""local_step"": 0.0007504245703666815, ""pop"": 57, ""r0"": 0.6823902400380343}",57,2.8418848174582365,0.8879991429361274,0.6823902400380343,0.0007504245703666815
BA,rung1,-0.024644004481476245,1.2335419654846191,"{""A0"": 0.7322344351695802, ""fmax"": 4.114336155374652, ""local_step"": 0.002079447946182427, ""pop"": 67, ""r0"": 0.620672903275784}",67,4.114336155374652,0.7322344351695802,0.620672903275784,0.002079447946182427
BA,rung1,-0.05324516894779979,1.2157611846923828,"{""A0"": 0.3078136040126494, ""fmax"": 4.157528622294898, ""local_step"": 0.028505308173827085, ""pop"": 38, ""r0"": 0.8471570130009439}",38,4.157528622294898,0.3078136040126494,0.8471570130009439,0.028505308173827085
BA,rung1,-0.005135943463780379,1.3980686664581299,"{""A0"": 0.9310150317655663, ""fmax"": 1.609212697384137, ""local_step"": 5.917886804799921e-05, ""pop"": 41, ""r0"": 0.4728647293499676}",41,1.609212697384137,0.9310150317655663,0.4728647293499676,5.917886804799921e-05
BA,rung1,-0.05866197940995199,1.3808314800262451,"{""A0"": 0.4215060209694962, ""fmax"": 2.245385060940059, ""local_step"": 0.00011985698807678275, ""pop"": 45, ""r0"": 0.4765800373008746}",45,2.245385060940059,0.4215060209694962,0.4765800373008746,0.00011985698807678275
BA,rung1,0.09998151134256067,1.4409406185150146,"{""A0"": 0.4587705242568369, ""fmax"": 1.0828729112337876, ""local_step"": 0.008985583937650135, ""pop"": 68, ""r0"": 0.1400565324596062}",68,1.0828729112337876,0.4587705242568369,0.1400565324596062,0.008985583937650135
BA,rung1,-0.01769650592851285,1.1515624523162842,"{""A0"": 0.3771738815698907, ""fmax"": 1.3351691424705843, ""local_step"": 0.00016608516741010345, ""pop"": 76, ""r0"": 0.8456239270696995}",76,1.3351691424705843,0.3771738815698907,0.8456239270696995,0.00016608516741010345
BA,rung1,-0.05216829489872049,1.1725666522979736,"{""A0"": 0.8697654925346576, ""fmax"": 4.441082238455213, ""local_step"": 0.0012136583729237026, ""pop"": 51, ""r0"": 0.8502952633311595}",51,4.441082238455213,0.8697654925346576,0.8502952633311595,0.0012136583729237026
BA,rung1,-0.08624646397654656,1.3299639225006104,"{""A0"": 0.8152489463592962, ""fmax"": 3.8813305908590774, ""local_step"": 0.001420779403572813, ""pop"": 39, ""r0"": 0.5983783236949992}",39,3.8813305908590774,0.8152489463592962,0.5983783236949992,0.001420779403572813
BA,rung1,0.24092207829147372,1.3947365283966064,"{""A0"": 0.3997139475243968, ""fmax"": 2.279662935449605, ""local_step"": 0.023140191271525685, ""pop"": 46, ""r0"": 0.3686391700596505}",46,2.279662935449605,0.3997139475243968,0.3686391700596505,0.023140191271525685
BA,rung1,-0.008168537623562067,1.3019587993621826,"{""A0"": 0.4663010096045107, ""fmax"": 4.440233278913834, ""local_step"": 0.005881654617808435, ""pop"": 39, ""r0"": 0.6307446024271868}",39,4.440233278913834,0.4663010096045107,0.6307446024271868,0.005881654617808435
BA,rung1,0.20675596102275878,1.4322845935821533,"{""A0"": 0.5616997693205992, ""fmax"": 3.9923429258610974, ""local_step"": 0.0169619945931175, ""pop"": 52, ""r0"": 0.28311724606745986}",52,3.9923429258610974,0.5616997693205992,0.28311724606745986,0.0169619945931175
BA,rung1,-0.09613305687479917,1.309753179550171,"{""A0"": 0.3965746493742964, ""fmax"": 1.178622071125263, ""local_step"": 0.0001569267336372239, ""pop"": 24, ""r0"": 0.7259482079789592}",24,1.178622071125263,0.3965746493742964,0.7259482079789592,0.0001569267336372239
BA,rung1,-0.09212278312094113,1.5842235088348389,"{""A0"": 0.6589610626164939, ""fmax"": 4.047701823911412, ""local_step"": 0.0005940177597414074, ""pop"": 33, ""r0"": 0.13334429053257796}",33,4.047701823911412,0.6589610626164939,0.13334429053257796,0.0005940177597414074
BA,rung1,0.739451937799833,1.4742536544799805,"{""A0"": 0.3673718083645614, ""fmax"": 2.652596563947784, ""local_step"": 0.05415602351935451, ""pop"": 35, ""r0"": 0.24162043919757278}",35,2.652596563947784,0.3673718083645614,0.24162043919757278,0.05415602351935451
BA,rung1,-0.006106364260467401,1.4049344062805176,"{""A0"": 0.7908554810946552, ""fmax"": 2.2831855264485155, ""local_step"": 0.00036369905008493716, ""pop"": 72, ""r0"": 0.2578014224682158}",72,2.2831855264485155,0.7908554810946552,0.2578014224682158,0.00036369905008493716
BA,rung1,0.2561624811745422,1.3402988910675049,"{""A0"": 0.5228619474205642, ""fmax"": 2.6210561132168677, ""local_step"": 0.02077756301361052, ""pop"": 73, ""r0"": 0.4227893982272064}",73,2.6210561132168677,0.5228619474205642,0.4227893982272064,0.02077756301361052
BA,rung1,-0.0005519209006497605,1.3823285102844238,"{""A0"": 0.47026520238138037, ""fmax"": 1.7128920438478967, ""local_step"": 0.001264188592455192, ""pop"": 67, ""r0"": 0.23530906779969132}",67,1.7128920438478967,0.47026520238138037,0.23530906779969132,0.001264188592455192
BA,rung1,0.07859919224617251,1.3458914756774902,"{""A0"": 0.3171781250133148, ""fmax"": 3.824293935366573, ""local_step"": 0.02227600820400428, ""pop"": 44, ""r0"": 0.48948684769130113}",44,3.824293935366573,0.3171781250133148,0.48948684769130113,0.02227600820400428
BA,rung1,-0.053905368701315015,1.232215404510498,"{""A0"": 0.3752582757327474, ""fmax"": 4.165392869116518, ""local_step"": 0.0776343374833257, ""pop"": 27, ""r0"": 0.915800379511453}",27,4.165392869116518,0.3752582757327474,0.915800379511453,0.0776343374833257
BA,rung1,-0.01780264848307267,1.307086706161499,"{""A0"": 0.36400364166683485, ""fmax"": 3.179402060383655, ""local_step"": 0.0016809823203397004, ""pop"": 79, ""r0"": 0.320780821920576}",79,3.179402060383655,0.36400364166683485,0.320780821920576,0.0016809823203397004
BA,rung1,0.0025892370751727234,1.3778812885284424,"{""A0"": 0.4274461563453198, ""fmax"": 2.3643458310206733, ""local_step"": 0.00021671342194868888, ""pop"": 68, ""r0"": 0.2865197758252953}",68,2.3643458310206733,0.4274461563453198,0.2865197758252953,0.00021671342194868888
BA,rung1,-0.11333919063618941,1.2742292881011963,"{""A0"": 0.32445427576549174, ""fmax"": 2.5099566101529884, ""local_step"": 1.0175516923272677e-05, ""pop"": 35, ""r0"": 0.7508294369313553}",35,2.5099566101529884,0.32445427576549174,0.7508294369313553,1.0175516923272677e-05
BA,rung1,0.018076839604216355,1.3770036697387695,"{""A0"": 0.7895065017212246, ""fmax"": 1.5029027802444146, ""local_step"": 6.047651954791048e-05, ""pop"": 63, ""r0"": 0.2512320949094013}",63,1.5029027802444146,0.7895065017212246,0.2512320949094013,6.047651954791048e-05
BA,rung1,0.12285204514739628,1.418114423751831,"{""A0"": 0.5856889754756116, ""fmax"": 0.5053475645560785, ""local_step"": 1.9819121583188515e-05, ""pop"": 39, ""r0"": 0.38729379150774845}",39,0.5053475645560785,0.5856889754756116,0.38729379150774845,1.9819121583188515e-05
BA,rung1,0.024868222796893436,1.289153814315796,"{""A0"": 0.5037559168532522, ""fmax"": 2.300502574264341, ""local_step"": 0.00033304263900124897, ""pop"": 68, ""r0"": 0.5657706298246715}",68,2.300502574264341,0.5037559168532522,0.5657706298246715,0.00033304263900124897
BA,rung1,0.02659620964576931,1.1958162784576416,"{""A0"": 0.38875407022780595, ""fmax"": 0.8458198408320295, ""local_step"": 0.0003944210969378289, ""pop"": 74, ""r0"": 0.799921859860815}",74,0.8458198408320295,0.38875407022780595,0.799921859860815,0.0003944210969378289
BA,rung1,0.006852305373089895,1.368807315826416,"{""A0"": 0.6989775013727355, ""fmax"": 1.6792298964455665, ""local_step"": 1.6286615986937544e-05, ""pop"": 76, ""r0"": 0.2983470369390977}",76,1.6792298964455665,0.6989775013727355,0.2983470369390977,1.6286615986937544e-05
BA,rung1,-0.04977884691737061,1.2183141708374023,"{""A0"": 0.793443053123608, ""fmax"": 4.738636953270313, ""local_step"": 1.993224473619244e-05, ""pop"": 75, ""r0"": 0.8453366947182047}",75,4.738636953270313,0.793443053123608,0.8453366947182047,1.993224473619244e-05
BA,rung1,-0.07795192821351987,1.2628250122070312,"{""A0"": 0.4891956837638264, ""fmax"": 3.9059869292629696, ""local_step"": 0.00015392939495548354, ""pop"": 48, ""r0"": 0.7192869577140065}",48,3.9059869292629696,0.4891956837638264,0.7192869577140065,0.00015392939495548354
BA,rung2,0.5050344388558323,10.05411410331726,"{""A0"": 0.7758396086079669, ""fmax"": 4.906879683232751, ""local_step"": 0.09323576035166016, ""pop"": 40, ""r0"": 0.2624675283484574}",40,4.906879683232751,0.7758396086079669,0.2624675283484574,0.09323576035166016
BA,rung2,0.4747229022642093,10.060101985931396,"{""A0"": 0.3673718083645614, ""fmax"": 2.652596563947784, ""local_step"": 0.05415602351935451, ""pop"": 35, ""r0"": 0.24162043919757278}",35,2.652596563947784,0.3673718083645614,0.24162043919757278,0.05415602351935451
BA,rung2,0.36469229390767627,9.524201154708862,"{""A0"": 0.8823227967987173, ""fmax"": 3.1446298806292847, ""local_step"": 0.03584748635824017, ""pop"": 73, ""r0"": 0.1579487165250149}",73,3.1446298806292847,0.8823227967987173,0.1579487165250149,0.03584748635824017
BA,rung2,0.13117176833619365,9.221726417541504,"{""A0"": 0.7970801488913232, ""fmax"": 0.6075779790108338, ""local_step"": 0.032983018693123714, ""pop"": 57, ""r0"": 0.4764712946973476}",57,0.6075779790108338,0.7970801488913232,0.4764712946973476,0.032983018693123714
BA,rung2,-0.09596476522342157,8.880950212478638,"{""A0"": 0.8382160408204589, ""fmax"": 2.075867678811001, ""local_step"": 0.04478765116647186, ""pop"": 36, ""r0"": 0.6315791111097505}",36,2.075867678811001,0.8382160408204589,0.6315791111097505,0.04478765116647186
BA,rung2,-0.13814284336969224,8.755983114242554,"{""A0"": 0.5228619474205642, ""fmax"": 2.6210561132168677, ""local_step"": 0.02077756301361052, ""pop"": 73, ""r0"": 0.4227893982272064}",73,2.6210561132168677,0.5228619474205642,0.4227893982272064,0.02077756301361052
BA,rung2,-0.13407284109796905,9.37971830368042,"{""A0"": 0.3997139475243968, ""fmax"": 2.279662935449605, ""local_step"": 0.023140191271525685, ""pop"": 46, ""r0"": 0.3686391700596505}",46,2.279662935449605,0.3997139475243968,0.3686391700596505,0.023140191271525685
BA,rung2,-0.15360752100372205,9.637969493865967,"{""A0"": 0.5616997693205992, ""fmax"": 3.9923429258610974, ""local_step"": 0.0169619945931175, ""pop"": 52, ""r0"": 0.28311724606745986}",52,3.9923429258610974,0.5616997693205992,0.28311724606745986,0.0169619945931175
BA,rung2,-0.1627197551046538,8.955078840255737,"{""A0"": 0.6872084966494065, ""fmax"": 0.828240005818147, ""local_step"": 0.014200819389527393, ""pop"": 51, ""r0"": 0.4803577433601681}",51,0.828240005818147,0.6872084966494065,0.4803577433601681,0.014200819389527393
BA,rung2,-0.23359744075284838,9.516093730926514,"{""A0"": 0.5856889754756116, ""fmax"": 0.5053475645560785, ""local_step"": 1.9819121583188515e-05, ""pop"": 39, ""r0"": 0.38729379150774845}",39,0.5053475645560785,0.5856889754756116,0.38729379150774845,1.9819121583188515e-05
BA,rung2,-0.2289456257784208,9.807269096374512,"{""A0"": 0.7434606420463051, ""fmax"": 0.7884759937552694, ""local_step"": 0.0010053352619175029, ""pop"": 48, ""r0"": 0.2620836885510369}",48,0.7884759937552694,0.7434606420463051,0.2620836885510369,0.0010053352619175029
BA,rung2,-0.2580861900739257,9.340852499008179,"{""A0"": 0.7859563036261537, ""fmax"": 1.1942476788092398, ""local_step"": 0.006211288708508076, ""pop"": 52, ""r0"": 0.4982862577780215}",52,1.1942476788092398,0.7859563036261537,0.4982862577780215,0.006211288708508076
BA,rung2,-0.22151785084557563,9.658843994140625,"{""A0"": 0.4587705242568369, ""fmax"": 1.0828729112337876, ""local_step"": 0.008985583937650135, ""pop"": 68, ""r0"": 0.1400565324596062}",68,1.0828729112337876,0.4587705242568369,0.1400565324596062,0.008985583937650135
BA,rung2,-0.2752476419118987,8.740957975387573,"{""A0"": 0.5336293746005915, ""fmax"": 3.468130471718888, ""local_step"": 0.024098367246821233, ""pop"": 49, ""r0"": 0.6800435268030502}",49,3.468130471718888,0.5336293746005915,0.6800435268030502,0.024098367246821233
BA,rung2,-0.23873036991315255,9.133240222930908,"{""A0"": 0.3171781250133148, ""fmax"": 3.824293935366573, ""local_step"": 0.02227600820400428, ""pop"": 44, ""r0"": 0.48948684769130113}",44,3.824293935366573,0.3171781250133148,0.48948684769130113,0.02227600820400428
BA,rung2,-0.29751930295044227,9.42350697517395,"{""A0"": 0.7193664214040224, ""fmax"": 3.088736757934478, ""local_step"": 0.005562009416424027, ""pop"": 71, ""r0"": 0.413580926106332}",71,3.088736757934478,0.7193664214040224,0.413580926106332,0.005562009416424027
BA,rung2,-0.31020927486866773,10.192264080047607,"{""A0"": 0.6463774640692685, ""fmax"": 1.4079038691645709, ""local_step"": 0.0001704318681675459, ""pop"": 60, ""r0"": 0.11112472169433785}",60,1.4079038691645709,0.6463774640692685,0.11112472169433785,0.0001704318681675459
BA,rung2,-0.3420095654687094,7.819150924682617,"{""A0"": 0.38875407022780595, ""fmax"": 0.8458198408320295, ""local_step"": 0.0003944210969378289, ""pop"": 74, ""r0"": 0.799921859860815}",74,0.8458198408320295,0.38875407022780595,0.799921859860815,0.0003944210969378289
BA,rung2,-0.3538434078000128,8.553087711334229,"{""A0"": 0.5037559168532522, ""fmax"": 2.300502574264341, ""local_step"": 0.00033304263900124897, ""pop"": 68, ""r0"": 0.5657706298246715}",68,2.300502574264341,0.5037559168532522,0.5657706298246715,0.00033304263900124897
BA,rung2,-0.30287266665473844,9.33174467086792,"{""A0"": 0.7895065017212246, ""fmax"": 1.5029027802444146, ""local_step"": 6.047651954791048e-05, ""pop"": 63, ""r0"": 0.2512320949094013}",63,1.5029027802444146,0.7895065017212246,0.2512320949094013,6.047651954791048e-05
