instance_id,domain,problem,budget,target,threshold,q,calib_reps
bin_onemax_000,bin,onemax,300,easy,53.0,0.5,10
bin_onemax_000,bin,onemax,300,med,53.75,0.75,10
bin_onemax_000,bin,onemax,300,hard,55.1,0.9,10
bin_onemax_000,bin,onemax,800,easy,54.5,0.5,10
bin_onemax_000,bin,onemax,800,med,55.75,0.75,10
bin_onemax_000,bin,onemax,800,hard,57.0,0.9,10
bin_leadingones_001,bin,leadingones,300,easy,9.0,0.5,10
bin_leadingones_001,bin,leadingones,300,med,9.0,0.75,10
bin_leadingones_001,bin,leadingones,300,hard,10.1,0.9,10
bin_leadingones_001,bin,leadingones,800,easy,11.0,0.5,10
bin_leadingones_001,bin,leadingones,800,med,11.0,0.75,10
bin_leadingones_001,bin,leadingones,800,hard,12.0,0.9,10
bin_knapsack01_002,bin,knapsack01,300,easy,-6351.5,0.5,10
bin_knapsack01_002,bin,knapsack01,300,med,-5138.0,0.75,10
bin_knapsack01_002,bin,knapsack01,300,hard,-4316.800000000001,0.9,10
bin_knapsack01_002,bin,knapsack01,800,easy,-4556.5,0.5,10
bin_knapsack01_002,bin,knapsack01,800,med,-3306.0,0.75,10
bin_knapsack01_002,bin,knapsack01,800,hard,-749.0000000000005,0.9,10
bin_onemax_003,bin,onemax,300,easy,53.0,0.5,10
bin_onemax_003,bin,onemax,300,med,54.0,0.75,10
bin_onemax_003,bin,onemax,300,hard,54.1,0.9,10
bin_onemax_003,bin,onemax,800,easy,54.0,0.5,10
bin_onemax_003,bin,onemax,800,med,54.75,0.75,10
bin_onemax_003,bin,onemax,800,hard,55.1,0.9,10
bin_leadingones_004,bin,leadingones,300,easy,8.0,0.5,10
bin_leadingones_004,bin,leadingones,300,med,10.0,0.75,10
bin_leadingones_004,bin,leadingones,300,hard,12.0,0.9,10
bin_leadingones_004,bin,leadingones,800,easy,11.0,0.5,10
bin_leadingones_004,bin,leadingones,800,med,14.0,0.75,10
bin_leadingones_004,bin,leadingones,800,hard,16.2,0.9,10
bin_knapsack01_005,bin,knapsack01,300,easy,-6823.5,0.5,10
bin_knapsack01_005,bin,knapsack01,300,med,-5155.5,0.75,10
bin_knapsack01_005,bin,knapsack01,300,hard,-3823.6000000000004,0.9,10
bin_knapsack01_005,bin,knapsack01,800,easy,-5340.0,0.5,10
bin_knapsack01_005,bin,knapsack01,800,med,-4318.75,0.75,10
bin_knapsack01_005,bin,knapsack01,800,hard,-3050.9000000000005,0.9,10
bin_onemax_006,bin,onemax,300,easy,52.0,0.5,10
bin_onemax_006,bin,onemax,300,med,52.0,0.75,10
bin_onemax_006,bin,onemax,300,hard,53.0,0.9,10
bin_onemax_006,bin,onemax,800,easy,54.0,0.5,10
bin_onemax_006,bin,onemax,800,med,54.75,0.75,10
bin_onemax_006,bin,onemax,800,hard,55.3,0.9,10
bin_leadingones_007,bin,leadingones,300,easy,9.0,0.5,10
bin_leadingones_007,bin,leadingones,300,med,9.0,0.75,10
bin_leadingones_007,bin,leadingones,300,hard,9.499999999999998,0.9,10
bin_leadingones_007,bin,leadingones,800,easy,10.0,0.5,10
bin_leadingones_007,bin,leadingones,800,med,11.0,0.75,10
bin_leadingones_007,bin,leadingones,800,hard,11.1,0.9,10
bin_knapsack01_008,bin,knapsack01,300,easy,-5900.5,0.5,10
bin_knapsack01_008,bin,knapsack01,300,med,-5253.0,0.75,10
bin_knapsack01_008,bin,knapsack01,300,hard,-4352.1,0.9,10
bin_knapsack01_008,bin,knapsack01,800,easy,-3340.5,0.5,10
bin_knapsack01_008,bin,knapsack01,800,med,-2350.0,0.75,10
bin_knapsack01_008,bin,knapsack01,800,hard,-1030.1000000000001,0.9,10
bin_onemax_009,bin,onemax,300,easy,53.0,0.5,10
bin_onemax_009,bin,onemax,300,med,55.0,0.75,10
bin_onemax_009,bin,onemax,300,hard,55.1,0.9,10
bin_onemax_009,bin,onemax,800,easy,54.0,0.5,10
bin_onemax_009,bin,onemax,800,med,54.75,0.75,10
bin_onemax_009,bin,onemax,800,hard,56.1,0.9,10
bin_leadingones_010,bin,leadingones,300,easy,8.0,0.5,10
bin_leadingones_010,bin,leadingones,300,med,9.75,0.75,10
bin_leadingones_010,bin,leadingones,300,hard,11.0,0.9,10
bin_leadingones_010,bin,leadingones,800,easy,10.0,0.5,10
bin_leadingones_010,bin,leadingones,800,med,10.0,0.75,10
bin_leadingones_010,bin,leadingones,800,hard,11.0,0.9,10
bin_knapsack01_011,bin,knapsack01,300,easy,-3952.0,0.5,10
bin_knapsack01_011,bin,knapsack01,300,med,-2925.25,0.75,10
bin_knapsack01_011,bin,knapsack01,300,hard,-2487.9,0.9,10
bin_knapsack01_011,bin,knapsack01,800,easy,-3656.5,0.5,10
bin_knapsack01_011,bin,knapsack01,800,med,-2955.75,0.75,10
bin_knapsack01_011,bin,knapsack01,800,hard,-2008.4,0.9,10
cont_sphere_000,cont,sphere,300,easy,-27.18955585163669,0.5,10
cont_sphere_000,cont,sphere,300,med,-21.86971481774544,0.75,10
cont_sphere_000,cont,sphere,300,hard,-20.417434624116066,0.9,10
cont_sphere_000,cont,sphere,800,easy,-19.79220316017877,0.5,10
cont_sphere_000,cont,sphere,800,med,-17.675943625530202,0.75,10
cont_sphere_000,cont,sphere,800,hard,-11.895158962599927,0.9,10
cont_rastrigin_001,cont,rastrigin,300,easy,-96.07960046321958,0.5,10
cont_rastrigin_001,cont,rastrigin,300,med,-91.90300910172252,0.75,10
cont_rastrigin_001,cont,rastrigin,300,hard,-89.69032211798877,0.9,10
cont_rastrigin_001,cont,rastrigin,800,easy,-91.76428729382192,0.5,10
cont_rastrigin_001,cont,rastrigin,800,med,-84.76269282281174,0.75,10
cont_rastrigin_001,cont,rastrigin,800,hard,-81.99869691320332,0.9,10
cont_sphere_002,cont,sphere,300,easy,-19.692422584344605,0.5,10
cont_sphere_002,cont,sphere,300,med,-16.459923646952557,0.75,10
cont_sphere_002,cont,sphere,300,hard,-15.98000631830181,0.9,10
cont_sphere_002,cont,sphere,800,easy,-18.64138153119077,0.5,10
cont_sphere_002,cont,sphere,800,med,-16.209602546544808,0.75,10
cont_sphere_002,cont,sphere,800,hard,-15.274378212697256,0.9,10
cont_rastrigin_003,cont,rastrigin,300,easy,-101.23171316162771,0.5,10
cont_rastrigin_003,cont,rastrigin,300,med,-94.98536831546579,0.75,10
cont_rastrigin_003,cont,rastrigin,300,hard,-88.78446136077811,0.9,10
cont_rastrigin_003,cont,rastrigin,800,easy,-88.09967317235024,0.5,10
cont_rastrigin_003,cont,rastrigin,800,med,-86.53666304720532,0.75,10
cont_rastrigin_003,cont,rastrigin,800,hard,-82.62949129979383,0.9,10
cont_sphere_004,cont,sphere,300,easy,-25.271873626454806,0.5,10
cont_sphere_004,cont,sphere,300,med,-23.95953791049993,0.75,10
cont_sphere_004,cont,sphere,300,hard,-15.596649662167573,0.9,10
cont_sphere_004,cont,sphere,800,easy,-19.6674114741069,0.5,10
cont_sphere_004,cont,sphere,800,med,-14.19130009468963,0.75,10
cont_sphere_004,cont,sphere,800,hard,-10.766006796922845,0.9,10
cont_rastrigin_005,cont,rastrigin,300,easy,-101.81304030249385,0.5,10
cont_rastrigin_005,cont,rastrigin,300,med,-97.76669713284097,0.75,10
cont_rastrigin_005,cont,rastrigin,300,hard,-93.28153392999802,0.9,10
cont_rastrigin_005,cont,rastrigin,800,easy,-90.12066811676982,0.5,10
cont_rastrigin_005,cont,rastrigin,800,med,-86.67370734051411,0.75,10
cont_rastrigin_005,cont,rastrigin,800,hard,-85.47421300639894,0.9,10
cont_sphere_006,cont,sphere,300,easy,-27.60285616773777,0.5,10
cont_sphere_006,cont,sphere,300,med,-19.938970673525294,0.75,10
cont_sphere_006,cont,sphere,300,hard,-17.37194872073161,0.9,10
cont_sphere_006,cont,sphere,800,easy,-22.989246525684802,0.5,10
cont_sphere_006,cont,sphere,800,med,-20.15529097651736,0.75,10
cont_sphere_006,cont,sphere,800,hard,-18.850209260839478,0.9,10
cont_rastrigin_007,cont,rastrigin,300,easy,-96.79261220334269,0.5,10
cont_rastrigin_007,cont,rastrigin,300,med,-89.90126746266174,0.75,10
cont_rastrigin_007,cont,rastrigin,300,hard,-89.09160804813334,0.9,10
cont_rastrigin_007,cont,rastrigin,800,easy,-88.15480882478184,0.5,10
cont_rastrigin_007,cont,rastrigin,800,med,-78.23072946127512,0.75,10
cont_rastrigin_007,cont,rastrigin,800,hard,-72.09125177681307,0.9,10
cont_sphere_008,cont,sphere,300,easy,-24.36821475592923,0.5,10
cont_sphere_008,cont,sphere,300,med,-19.347735194517448,0.75,10
cont_sphere_008,cont,sphere,300,hard,-14.574984479669224,0.9,10
cont_sphere_008,cont,sphere,800,easy,-19.927934835959277,0.5,10
cont_sphere_008,cont,sphere,800,med,-17.9253248426211,0.75,10
cont_sphere_008,cont,sphere,800,hard,-16.01719633086359,0.9,10
cont_rastrigin_009,cont,rastrigin,300,easy,-94.35460709037238,0.5,10
cont_rastrigin_009,cont,rastrigin,300,med,-91.25950462664115,0.75,10
cont_rastrigin_009,cont,rastrigin,300,hard,-88.75469285374612,0.9,10
cont_rastrigin_009,cont,rastrigin,800,easy,-88.55138275169026,0.5,10
cont_rastrigin_009,cont,rastrigin,800,med,-83.79390193814059,0.75,10
cont_rastrigin_009,cont,rastrigin,800,hard,-78.59713746894123,0.9,10
cont_sphere_010,cont,sphere,300,easy,-28.11547676221614,0.5,10
cont_sphere_010,cont,sphere,300,med,-26.764824377639506,0.75,10
cont_sphere_010,cont,sphere,300,hard,-22.611917978693864,0.9,10
cont_sphere_010,cont,sphere,800,easy,-17.72548398911391,0.5,10
cont_sphere_010,cont,sphere,800,med,-16.89409527079178,0.75,10
cont_sphere_010,cont,sphere,800,hard,-15.862802137193032,0.9,10
cont_rastrigin_011,cont,rastrigin,300,easy,-100.77793285990379,0.5,10
cont_rastrigin_011,cont,rastrigin,300,med,-84.80717923286602,0.75,10
cont_rastrigin_011,cont,rastrigin,300,hard,-79.65771305000654,0.9,10
cont_rastrigin_011,cont,rastrigin,800,easy,-89.65673386406026,0.5,10
cont_rastrigin_011,cont,rastrigin,800,med,-74.82768135847198,0.75,10
cont_rastrigin_011,cont,rastrigin,800,hard,-72.91809740696964,0.9,10
