algo,rung,score,seconds,params_json,pop,beta0,gamma_scale,alpha_scale,k_neighbors
FA,rung1,-0.03512839619900626,2.1689000129699707,"{""alpha_scale"": 0.05091944117501428, ""beta0"": 0.716332168266339, ""gamma_scale"": 8.984524112508755, ""k_neighbors"": 1, ""pop"": 80}",80,0.716332168266339,8.984524112508755,0.05091944117501428,1
FA,rung1,0.38405269130966596,4.740140438079834,"{""alpha_scale"": 0.01969668859681184, ""beta0"": 1.3522880988542, ""gamma_scale"": 1.4087456183732243, ""k_neighbors"": 6, ""pop"": 78}",78,1.3522880988542,1.4087456183732243,0.01969668859681184,6
FA,rung1,0.6299871517246769,4.348710060119629,"{""alpha_scale"": 0.008696300224217732, ""beta0"": 0.4884867450928354, ""gamma_scale"": 0.47212476924286967, ""k_neighbors"": 4, ""pop"": 23}",23,0.4884867450928354,0.47212476924286967,0.008696300224217732,4
FA,rung1,0.24300704310055177,3.751246929168701,"{""alpha_scale"": 0.007405426547702587, ""beta0"": 1.3470768708233598, ""gamma_scale"": 0.3327577587868504, ""k_neighbors"": 3, ""pop"": 30}",30,1.3470768708233598,0.3327577587868504,0.007405426547702587,3
FA,rung1,0.25200519295344026,6.114367246627808,"{""alpha_scale"": 0.13056564450378977, ""beta0"": 2.1638481135731693, ""gamma_scale"": 0.6311117117525353, ""k_neighbors"": 8, ""pop"": 20}",20,2.1638481135731693,0.6311117117525353,0.13056564450378977,8
FA,rung1,0.08678271367397272,2.915600061416626,"{""alpha_scale"": 0.015158355373195181, ""beta0"": 1.7295513453477007, ""gamma_scale"": 0.08300383493294045, ""k_neighbors"": 2, ""pop"": 56}",56,1.7295513453477007,0.08300383493294045,0.015158355373195181,2
FA,rung1,0.728819812957531,3.679812431335449,"{""alpha_scale"": 0.03598741478972785, ""beta0"": 0.43533879449242785, ""gamma_scale"": 0.27928908841408423, ""k_neighbors"": 3, ""pop"": 22}",22,0.43533879449242785,0.27928908841408423,0.03598741478972785,3
FA,rung1,0.22498357077328596,2.840599298477173,"{""alpha_scale"": 0.01772801374696063, ""beta0"": 1.7103034527662044, ""gamma_scale"": 2.768299239651826, ""k_neighbors"": 2, ""pop"": 68}",68,1.7103034527662044,2.768299239651826,0.01772801374696063,2
FA,rung1,0.2751159813584498,3.0860745906829834,"{""alpha_scale"": 0.0031947385598396828, ""beta0"": 0.6463393986209652, ""gamma_scale"": 0.025400341097003874, ""k_neighbors"": 2, ""pop"": 31}",31,0.6463393986209652,0.025400341097003874,0.0031947385598396828,2
FA,rung1,-0.044878920022934754,4.811578750610352,"{""alpha_scale"": 0.20712212612454065, ""beta0"": 0.33540136475803084, ""gamma_scale"": 30.784862070174146, ""k_neighbors"": 5, ""pop"": 20}",20,0.33540136475803084,30.784862070174146,0.20712212612454065,5
FA,rung1,-0.10861714621834828,5.278433561325073,"{""alpha_scale"": 0.0010728080663175937, ""beta0"": 0.7321450074012499, ""gamma_scale"": 14.320259321258337, ""k_neighbors"": 6, ""pop"": 42}",42,0.7321450074012499,14.320259321258337,0.0010728080663175937,6
FA,rung1,0.018874829079469913,6.808081865310669,"{""alpha_scale"": 0.1833493878058782, ""beta0"": 1.0777818584135206, ""gamma_scale"": 1.9819751406935897, ""k_neighbors"": 9, ""pop"": 30}",30,1.0777818584135206,1.9819751406935897,0.1833493878058782,9
FA,rung1,0.07775045935019986,4.714578866958618,"{""alpha_scale"": 0.03107370263140082, ""beta0"": 1.4811059875556585, ""gamma_scale"": 0.06301516811760723, ""k_neighbors"": 6, ""pop"": 78}",78,1.4811059875556585,0.06301516811760723,0.03107370263140082,6
FA,rung1,0.23980399363343868,7.189740896224976,"{""alpha_scale"": 0.0013680803381479728, ""beta0"": 1.7878597720098133, ""gamma_scale"": 3.130133847204731, ""k_neighbors"": 10, ""pop"": 31}",31,1.7878597720098133,3.130133847204731,0.0013680803381479728,10
FA,rung1,0.10072791655353414,5.786899566650391,"{""alpha_scale"": 0.011875471489476415, ""beta0"": 2.1319126052365536, ""gamma_scale"": 0.1681788566549863, ""k_neighbors"": 7, ""pop"": 36}",36,2.1319126052365536,0.1681788566549863,0.011875471489476415,7
FA,rung1,0.29717472410253165,2.330767869949341,"{""alpha_scale"": 0.021693644283810896, ""beta0"": 2.273829458090364, ""gamma_scale"": 2.589256461121295, ""k_neighbors"": 1, ""pop"": 57}",57,2.273829458090364,2.589256461121295,0.021693644283810896,1
FA,rung1,0.5929382728991044,4.821575403213501,"{""alpha_scale"": 0.01090242027845519, ""beta0"": 0.809140683944104, ""gamma_scale"": 0.10146700594704346, ""k_neighbors"": 5, ""pop"": 30}",30,0.809140683944104,0.10146700594704346,0.01090242027845519,5
FA,rung1,0.5196143739280619,3.3991165161132812,"{""alpha_scale"": 0.0379556235431132, ""beta0"": 0.4300160700069081, ""gamma_scale"": 0.18190128823370388, ""k_neighbors"": 3, ""pop"": 61}",61,0.4300160700069081,0.18190128823370388,0.0379556235431132,3
FA,rung1,-0.14171581969408803,5.647628307342529,"{""alpha_scale"": 0.0032734663396803243, ""beta0"": 1.5842511304081268, ""gamma_scale"": 10.25703624036108, ""k_neighbors"": 7, ""pop"": 21}",21,1.5842511304081268,10.25703624036108,0.0032734663396803243,7
FA,rung1,-0.04775362361538027,6.237732172012329,"{""alpha_scale"": 0.16798247671319266, ""beta0"": 2.0226644333767516, ""gamma_scale"": 0.08104697176379369, ""k_neighbors"": 8, ""pop"": 52}",52,2.0226644333767516,0.08104697176379369,0.16798247671319266,8
FA,rung1,-0.020257752282784758,4.532169342041016,"{""alpha_scale"": 0.1588664639864079, ""beta0"": 1.410193717467154, ""gamma_scale"": 11.509879656319303, ""k_neighbors"": 5, ""pop"": 73}",73,1.410193717467154,11.509879656319303,0.1588664639864079,5
FA,rung1,0.3131171218740325,6.080431938171387,"{""alpha_scale"": 0.01609928539943818, ""beta0"": 0.9247649098243491, ""gamma_scale"": 4.658055687829516, ""k_neighbors"": 8, ""pop"": 22}",22,0.9247649098243491,4.658055687829516,0.01609928539943818,8
FA,rung1,-0.02191946174192072,3.379035234451294,"{""alpha_scale"": 0.021307666294258478, ""beta0"": 1.9296602671295824, ""gamma_scale"": 11.243226267545547, ""k_neighbors"": 3, ""pop"": 72}",72,1.9296602671295824,11.243226267545547,0.021307666294258478,3
FA,rung1,0.19695933578843777,3.7339632511138916,"{""alpha_scale"": 0.0019777841296248068, ""beta0"": 1.793324530726192, ""gamma_scale"": 0.5169695955763314, ""k_neighbors"": 3, ""pop"": 20}",20,1.793324530726192,0.5169695955763314,0.0019777841296248068,3
FA,rung1,0.0024683095907520047,6.119732618331909,"{""alpha_scale"": 0.04914529687895505, ""beta0"": 1.2294845736289512, ""gamma_scale"": 22.639612455978686, ""k_neighbors"": 9, ""pop"": 78}",78,1.2294845736289512,22.639612455978686,0.04914529687895505,9
FA,rung1,0.2790635937066477,6.2335898876190186,"{""alpha_scale"": 0.0013712936467485746, ""beta0"": 0.5730260336132607, ""gamma_scale"": 0.24895274111936797, ""k_neighbors"": 8, ""pop"": 43}",43,0.5730260336132607,0.24895274111936797,0.0013712936467485746,8
FA,rung1,-0.09041965911529731,2.2511255741119385,"{""alpha_scale"": 0.013578651656437837, ""beta0"": 0.5404705950318782, ""gamma_scale"": 14.57547247090316, ""k_neighbors"": 1, ""pop"": 61}",61,0.5404705950318782,14.57547247090316,0.013578651656437837,1
FA,rung1,-0.012482106311017538,7.529465913772583,"{""alpha_scale"": 0.07186762167472752, ""beta0"": 0.6169580862139139, ""gamma_scale"": 38.4055979548251, ""k_neighbors"": 5, ""pop"": 61}",61,0.6169580862139139,38.4055979548251,0.07186762167472752,5
FA,rung1,0.07129901709530356,5.86495041847229,"{""alpha_scale"": 0.06059476088662123, ""beta0"": 2.472840513958634, ""gamma_scale"": 8.014361103754421, ""k_neighbors"": 3, ""pop"": 27}",27,2.472840513958634,8.014361103754421,0.06059476088662123,3
FA,rung1,-0.08946023546457332,4.6738269329071045,"{""alpha_scale"": 0.04630383372585626, ""beta0"": 2.1209550398684107, ""gamma_scale"": 0.041112162159603755, ""k_neighbors"": 2, ""pop"": 57}",57,2.1209550398684107,0.041112162159603755,0.04630383372585626,2
FA,rung1,-0.011672769412079287,3.7051663398742676,"{""alpha_scale"": 0.13975005934140897, ""beta0"": 1.0545677275515006, ""gamma_scale"": 33.84384065430639, ""k_neighbors"": 1, ""pop"": 55}",55,1.0545677275515006,33.84384065430639,0.13975005934140897,1
FA,rung1,0.20662299711007964,7.554492473602295,"{""alpha_scale"": 0.0057539074373559275, ""beta0"": 1.7223484070514914, ""gamma_scale"": 0.17425132569091212, ""k_neighbors"": 6, ""pop"": 23}",23,1.7223484070514914,0.17425132569091212,0.0057539074373559275,6
FA,rung1,0.32191344136211963,12.329982280731201,"{""alpha_scale"": 0.002588592827907583, ""beta0"": 2.3128070988526725, ""gamma_scale"": 2.7610747056882103, ""k_neighbors"": 10, ""pop"": 51}",51,2.3128070988526725,2.7610747056882103,0.002588592827907583,10
FA,rung1,-0.06155214957020749,9.282926082611084,"{""alpha_scale"": 0.011098381741402874, ""beta0"": 2.0647063763170608, ""gamma_scale"": 0.05034481547607907, ""k_neighbors"": 6, ""pop"": 45}",45,2.0647063763170608,0.05034481547607907,0.011098381741402874,6
FA,rung1,-0.05242059417605599,13.69591212272644,"{""alpha_scale"": 0.2601878276830359, ""beta0"": 2.4888869211580564, ""gamma_scale"": 4.939214668724808, ""k_neighbors"": 10, ""pop"": 35}",35,2.4888869211580564,4.939214668724808,0.2601878276830359,10
FA,rung1,-0.1286761533728788,4.861945152282715,"{""alpha_scale"": 0.013577406178118187, ""beta0"": 2.46707623615786, ""gamma_scale"": 10.926488011626695, ""k_neighbors"": 2, ""pop"": 41}",41,2.46707623615786,10.926488011626695,0.013577406178118187,2
FA,rung1,-0.12084630110127698,13.187334775924683,"{""alpha_scale"": 0.0033626491544749624, ""beta0"": 0.9857265460282427, ""gamma_scale"": 46.72538040238397, ""k_neighbors"": 10, ""pop"": 42}",42,0.9857265460282427,46.72538040238397,0.0033626491544749624,10
FA,rung1,0.48866640347076895,9.692307472229004,"{""alpha_scale"": 0.048466192388668, ""beta0"": 1.274650252712348, ""gamma_scale"": 2.7188766638333113, ""k_neighbors"": 5, ""pop"": 37}",37,1.274650252712348,2.7188766638333113,0.048466192388668,5
FA,rung1,0.27360437872216586,12.318947792053223,"{""alpha_scale"": 0.0037132620619284434, ""beta0"": 1.1908327735136515, ""gamma_scale"": 2.596830669624012, ""k_neighbors"": 8, ""pop"": 42}",42,1.1908327735136515,2.596830669624012,0.0037132620619284434,8
FA,rung1,-0.05647808822816974,12.588040590286255,"{""alpha_scale"": 0.18470476945767883, ""beta0"": 2.190047056899372, ""gamma_scale"": 0.013715775232803373, ""k_neighbors"": 8, ""pop"": 62}",62,2.190047056899372,0.013715775232803373,0.18470476945767883,8
FA,rung1,0.26792412733675447,12.91789436340332,"{""alpha_scale"": 0.12250549865893225, ""beta0"": 0.9570480687900593, ""gamma_scale"": 0.03131047402321976, ""k_neighbors"": 9, ""pop"": 53}",53,0.9570480687900593,0.03131047402321976,0.12250549865893225,9
FA,rung1,0.3117120475446743,7.215920925140381,"{""alpha_scale"": 0.003845071420633596, ""beta0"": 0.20848103347310887, ""gamma_scale"": 0.046998573880269984, ""k_neighbors"": 2, ""pop"": 63}",63,0.20848103347310887,0.046998573880269984,0.003845071420633596,2
FA,rung1,-0.05302421382599337,11.086768865585327,"{""alpha_scale"": 0.22454569261414167, ""beta0"": 1.7741084904897313, ""gamma_scale"": 0.02578435703962645, ""k_neighbors"": 2, ""pop"": 32}",32,1.7741084904897313,0.02578435703962645,0.22454569261414167,2
FA,rung1,0.267003256845855,19.989698886871338,"{""alpha_scale"": 0.026359421305609854, ""beta0"": 1.6087744989629102, ""gamma_scale"": 0.5317746547635357, ""k_neighbors"": 8, ""pop"": 75}",75,1.6087744989629102,0.5317746547635357,0.026359421305609854,8
FA,rung1,0.03511730144583686,22.75796413421631,"{""alpha_scale"": 0.007087684790395929, ""beta0"": 1.0856360874442457, ""gamma_scale"": 0.03428422417059823, ""k_neighbors"": 9, ""pop"": 32}",32,1.0856360874442457,0.03428422417059823,0.007087684790395929,9
FA,rung1,0.26759399636357395,8.684475660324097,"{""alpha_scale"": 0.0017612386287280983, ""beta0"": 1.7675444990655547, ""gamma_scale"": 4.177742912470907, ""k_neighbors"": 5, ""pop"": 56}",56,1.7675444990655547,4.177742912470907,0.0017612386287280983,5
FA,rung1,0.269802174190487,5.86929726600647,"{""alpha_scale"": 0.09346255283945916, ""beta0"": 1.3172019632783885, ""gamma_scale"": 0.2514445811777862, ""k_neighbors"": 1, ""pop"": 45}",45,1.3172019632783885,0.2514445811777862,0.09346255283945916,1
FA,rung1,0.31261829726157553,8.867202758789062,"{""alpha_scale"": 0.007543044906230067, ""beta0"": 2.1094220022986256, ""gamma_scale"": 0.913161779078927, ""k_neighbors"": 3, ""pop"": 75}",75,2.1094220022986256,0.913161779078927,0.007543044906230067,3
FA,rung1,0.001893491725174945,13.580923795700073,"{""alpha_scale"": 0.07823100850182323, ""beta0"": 1.0589822326277365, ""gamma_scale"": 40.72677932064352, ""k_neighbors"": 6, ""pop"": 67}",67,1.0589822326277365,40.72677932064352,0.07823100850182323,6
FA,rung1,-0.12746575981414393,5.277185440063477,"{""alpha_scale"": 0.020054162449433015, ""beta0"": 2.351203826932537, ""gamma_scale"": 44.35718682533141, ""k_neighbors"": 1, ""pop"": 48}",48,2.351203826932537,44.35718682533141,0.020054162449433015,1
FA,rung1,-0.06423156105622702,15.469465970993042,"{""alpha_scale"": 0.3621888197585143, ""beta0"": 1.286450241679528, ""gamma_scale"": 11.19276527209975, ""k_neighbors"": 8, ""pop"": 43}",43,1.286450241679528,11.19276527209975,0.3621888197585143,8
FA,rung1,0.1052628611704699,9.079026699066162,"{""alpha_scale"": 0.01879566333375225, ""beta0"": 2.217556821837386, ""gamma_scale"": 4.539068164525406, ""k_neighbors"": 2, ""pop"": 57}",57,2.217556821837386,4.539068164525406,0.01879566333375225,2
FA,rung1,0.2069846182927917,15.383548021316528,"{""alpha_scale"": 0.04230162634895099, ""beta0"": 1.4176761254544552, ""gamma_scale"": 0.35664198893774235, ""k_neighbors"": 6, ""pop"": 57}",57,1.4176761254544552,0.35664198893774235,0.04230162634895099,6
FA,rung1,0.25537698404509435,12.65192198753357,"{""alpha_scale"": 0.008460172092482749, ""beta0"": 1.6533571794608266, ""gamma_scale"": 0.3490400761894972, ""k_neighbors"": 4, ""pop"": 37}",37,1.6533571794608266,0.3490400761894972,0.008460172092482749,4
FA,rung1,-0.010397380380236854,8.381021976470947,"{""alpha_scale"": 0.3151959420920226, ""beta0"": 0.36804850605174766, ""gamma_scale"": 0.7567335504175089, ""k_neighbors"": 2, ""pop"": 73}",73,0.36804850605174766,0.7567335504175089,0.3151959420920226,2
FA,rung1,-0.11274156969695054,17.40293288230896,"{""alpha_scale"": 0.37016381834801765, ""beta0"": 0.9568487606504745, ""gamma_scale"": 3.6172781040386064, ""k_neighbors"": 6, ""pop"": 24}",24,0.9568487606504745,3.6172781040386064,0.37016381834801765,6
FA,rung1,0.31539150582366177,14.580947637557983,"{""alpha_scale"": 0.009358518598215095, ""beta0"": 1.9386163556814648, ""gamma_scale"": 2.1327226347639407, ""k_neighbors"": 5, ""pop"": 72}",72,1.9386163556814648,2.1327226347639407,0.009358518598215095,5
FA,rung1,-0.024270529726914403,10.903369903564453,"{""alpha_scale"": 0.24324301404987905, ""beta0"": 1.8895332841946901, ""gamma_scale"": 0.027315006089771752, ""k_neighbors"": 4, ""pop"": 77}",77,1.8895332841946901,0.027315006089771752,0.24324301404987905,4
FA,rung1,-0.07069395794226352,23.9399733543396,"{""alpha_scale"": 0.06626435963457325, ""beta0"": 2.2842473721058476, ""gamma_scale"": 0.023922882228808187, ""k_neighbors"": 10, ""pop"": 67}",67,2.2842473721058476,0.023922882228808187,0.06626435963457325,10
FA,rung1,-0.07724998119377219,10.95829439163208,"{""alpha_scale"": 0.36387198905079626, ""beta0"": 2.295096728679306, ""gamma_scale"": 0.022220078047374164, ""k_neighbors"": 2, ""pop"": 59}",59,2.295096728679306,0.022220078047374164,0.36387198905079626,2
FA,rung2,0.406499293860748,80.57111024856567,"{""alpha_scale"": 0.03598741478972785, ""beta0"": 0.43533879449242785, ""gamma_scale"": 0.27928908841408423, ""k_neighbors"": 3, ""pop"": 22}",22,0.43533879449242785,0.27928908841408423,0.03598741478972785,3
FA,rung2,0.19451846487731783,97.16332292556763,"{""alpha_scale"": 0.008696300224217732, ""beta0"": 0.4884867450928354, ""gamma_scale"": 0.47212476924286967, ""k_neighbors"": 4, ""pop"": 23}",23,0.4884867450928354,0.47212476924286967,0.008696300224217732,4
FA,rung2,0.1607462311757058,111.94159746170044,"{""alpha_scale"": 0.01090242027845519, ""beta0"": 0.809140683944104, ""gamma_scale"": 0.10146700594704346, ""k_neighbors"": 5, ""pop"": 30}",30,0.809140683944104,0.10146700594704346,0.01090242027845519,5
FA,rung2,0.2309556552333029,77.43900847434998,"{""alpha_scale"": 0.0379556235431132, ""beta0"": 0.4300160700069081, ""gamma_scale"": 0.18190128823370388, ""k_neighbors"": 3, ""pop"": 61}",61,0.4300160700069081,0.18190128823370388,0.0379556235431132,3
FA,rung2,0.20888604169917524,104.62615299224854,"{""alpha_scale"": 0.048466192388668, ""beta0"": 1.274650252712348, ""gamma_scale"": 2.7188766638333113, ""k_neighbors"": 5, ""pop"": 37}",37,1.274650252712348,2.7188766638333113,0.048466192388668,5
FA,rung2,0.03953205927300113,66.71119952201843,"{""alpha_scale"": 0.01969668859681184, ""beta0"": 1.3522880988542, ""gamma_scale"": 1.4087456183732243, ""k_neighbors"": 6, ""pop"": 78}",78,1.3522880988542,1.4087456183732243,0.01969668859681184,6
FA,rung2,0.00015288705363480926,104.65128111839294,"{""alpha_scale"": 0.002588592827907583, ""beta0"": 2.3128070988526725, ""gamma_scale"": 2.7610747056882103, ""k_neighbors"": 10, ""pop"": 51}",51,2.3128070988526725,2.7610747056882103,0.002588592827907583,10
FA,rung2,0.009280112328098833,88.45868444442749,"{""alpha_scale"": 0.009358518598215095, ""beta0"": 1.9386163556814648, ""gamma_scale"": 2.1327226347639407, ""k_neighbors"": 5, ""pop"": 72}",72,1.9386163556814648,2.1327226347639407,0.009358518598215095,5
FA,rung2,-0.0002750337678764092,85.2579460144043,"{""alpha_scale"": 0.01609928539943818, ""beta0"": 0.9247649098243491, ""gamma_scale"": 4.658055687829516, ""k_neighbors"": 8, ""pop"": 22}",22,0.9247649098243491,4.658055687829516,0.01609928539943818,8
FA,rung2,-0.036425046563933694,59.194982290267944,"{""alpha_scale"": 0.007543044906230067, ""beta0"": 2.1094220022986256, ""gamma_scale"": 0.913161779078927, ""k_neighbors"": 3, ""pop"": 75}",75,2.1094220022986256,0.913161779078927,0.007543044906230067,3
FA,rung2,-0.02411571472294627,51.664605140686035,"{""alpha_scale"": 0.003845071420633596, ""beta0"": 0.20848103347310887, ""gamma_scale"": 0.046998573880269984, ""k_neighbors"": 2, ""pop"": 63}",63,0.20848103347310887,0.046998573880269984,0.003845071420633596,2
FA,rung2,-0.05245146810015566,48.331079721450806,"{""alpha_scale"": 0.021693644283810896, ""beta0"": 2.273829458090364, ""gamma_scale"": 2.589256461121295, ""k_neighbors"": 1, ""pop"": 57}",57,2.273829458090364,2.589256461121295,0.021693644283810896,1
FA,rung2,-0.055598435221551085,108.13073086738586,"{""alpha_scale"": 0.0013712936467485746, ""beta0"": 0.5730260336132607, ""gamma_scale"": 0.24895274111936797, ""k_neighbors"": 8, ""pop"": 43}",43,0.5730260336132607,0.24895274111936797,0.0013712936467485746,8
FA,rung2,-0.07244110377904281,39.91309380531311,"{""alpha_scale"": 0.0031947385598396828, ""beta0"": 0.6463393986209652, ""gamma_scale"": 0.025400341097003874, ""k_neighbors"": 2, ""pop"": 31}",31,0.6463393986209652,0.025400341097003874,0.0031947385598396828,2
FA,rung2,-0.0928159559025421,113.12188935279846,"{""alpha_scale"": 0.0037132620619284434, ""beta0"": 1.1908327735136515, ""gamma_scale"": 2.596830669624012, ""k_neighbors"": 8, ""pop"": 42}",42,1.1908327735136515,2.596830669624012,0.0037132620619284434,8
FA,rung2,-0.06446655391393286,46.24128007888794,"{""alpha_scale"": 0.09346255283945916, ""beta0"": 1.3172019632783885, ""gamma_scale"": 0.2514445811777862, ""k_neighbors"": 1, ""pop"": 45}",45,1.3172019632783885,0.2514445811777862,0.09346255283945916,1
FA,rung2,-0.04093625257107342,92.33342218399048,"{""alpha_scale"": 0.12250549865893225, ""beta0"": 0.9570480687900593, ""gamma_scale"": 0.03131047402321976, ""k_neighbors"": 9, ""pop"": 53}",53,0.9570480687900593,0.03131047402321976,0.12250549865893225,9
FA,rung2,-0.0780781100194532,81.04598236083984,"{""alpha_scale"": 0.0017612386287280983, ""beta0"": 1.7675444990655547, ""gamma_scale"": 4.177742912470907, ""k_neighbors"": 5, ""pop"": 56}",56,1.7675444990655547,4.177742912470907,0.0017612386287280983,5
FA,rung2,-0.05887435939431218,42.289613485336304,"{""alpha_scale"": 0.026359421305609854, ""beta0"": 1.6087744989629102, ""gamma_scale"": 0.5317746547635357, ""k_neighbors"": 8, ""pop"": 75}",75,1.6087744989629102,0.5317746547635357,0.026359421305609854,8
FA,rung2,-0.10123146521416787,29.01639986038208,"{""alpha_scale"": 0.008460172092482749, ""beta0"": 1.6533571794608266, ""gamma_scale"": 0.3490400761894972, ""k_neighbors"": 4, ""pop"": 37}",37,1.6533571794608266,0.3490400761894972,0.008460172092482749,4
